capacity,arm,m1,m2
2,random,165.0,208.0
2,random,97.0,110.0
2,random,77.0,121.0
2,random,77.0,125.0
2,random,97.0,174.0
2,random,145.0,218.0
2,random,106.0,183.0
2,random,111.0,139.0
2,random,110.0,178.0
2,random,145.0,144.0
2,random,111.0,153.0
2,random,106.0,174.0
2,random,131.0,188.0
2,random,106.0,154.0
2,random,87.0,145.0
2,random,96.0,125.0
2,random,116.0,174.0
2,random,101.0,125.0
2,random,117.0,136.0
2,random,82.0,135.0
2,random,91.0,144.0
2,random,77.0,120.0
2,random,111.0,165.0
2,random,111.0,143.0
2,random,101.0,145.0
2,random,96.0,213.0
2,random,101.0,106.0
2,random,92.0,106.0
2,random,106.0,154.0
2,random,131.0,155.0
2,random,106.0,159.0
2,random,111.0,173.0
2,random,101.0,189.0
2,random,131.0,174.0
2,random,116.0,150.0
2,random,92.0,159.0
2,random,72.0,126.0
2,random,112.0,158.0
2,random,116.0,145.0
2,random,121.0,179.0
2,random,126.0,159.0
2,random,130.0,193.0
2,random,121.0,189.0
2,random,96.0,126.0
2,random,135.0,198.0
2,random,140.0,178.0
2,random,106.0,159.0
2,random,111.0,143.0
2,random,141.0,218.0
2,random,126.0,159.0
2,random,131.0,188.0
2,random,111.0,154.0
2,random,91.0,149.0
2,random,111.0,185.0
2,random,101.0,150.0
2,random,96.0,145.0
2,random,92.0,160.0
2,random,120.0,155.0
2,random,99.0,144.0
2,random,150.0,164.0
2,random,106.0,217.0
2,random,160.0,228.0
2,random,121.0,169.0
2,random,111.0,154.0
2,random,126.0,144.0
2,random,106.0,130.0
2,random,140.0,164.0
2,random,145.0,193.0
2,random,136.0,150.0
2,random,111.0,193.0
2,random,97.0,100.0
2,random,102.0,141.0
2,random,130.0,179.0
2,random,120.0,140.0
2,random,100.0,144.0
2,random,115.0,179.0
2,random,125.0,164.0
2,random,110.0,159.0
2,random,131.0,184.0
2,random,96.0,150.0
2,random,116.0,179.0
2,random,126.0,198.0
2,random,96.0,124.0
2,random,77.0,135.0
2,random,101.0,140.0
2,random,125.0,150.0
2,random,126.0,135.0
2,random,140.0,174.0
2,random,111.0,179.0
2,random,135.0,178.0
2,random,95.0,154.0
2,random,112.0,161.0
2,random,111.0,164.0
2,random,102.0,96.0
2,random,131.0,174.0
2,random,120.0,183.0
2,random,135.0,188.0
2,random,102.0,153.0
2,random,140.0,213.0
2,random,101.0,135.0
2,random,101.0,204.0
2,random,82.0,124.0
2,random,105.0,175.0
2,random,102.0,125.0
2,random,107.0,122.0
2,random,110.0,149.0
2,random,92.0,155.0
2,random,77.0,126.0
2,random,115.0,164.0
2,random,106.0,173.0
2,random,95.0,149.0
2,random,106.0,115.0
2,random,131.0,139.0
2,random,135.0,148.0
2,random,53.0,62.0
2,random,77.0,111.0
2,random,106.0,150.0
2,random,111.0,173.0
2,random,106.0,150.0
2,random,102.0,189.0
2,random,126.0,209.0
2,random,120.0,165.0
2,random,150.0,179.0
2,random,72.0,125.0
2,random,135.0,198.0
2,random,92.0,116.0
2,random,116.0,174.0
2,random,97.0,179.0
2,random,140.0,179.0
2,random,126.0,130.0
2,random,121.0,168.0
2,random,102.0,174.0
2,random,92.0,145.0
2,random,131.0,159.0
2,random,91.0,174.0
2,random,116.0,165.0
2,random,101.0,130.0
2,random,111.0,194.0
2,random,116.0,165.0
2,random,116.0,169.0
2,random,111.0,164.0
2,random,136.0,169.0
2,random,126.0,155.0
2,random,110.0,135.0
2,random,97.0,144.0
2,random,101.0,126.0
2,random,131.0,169.0
2,random,73.0,91.0
2,random,116.0,158.0
2,random,100.0,158.0
2,random,126.0,198.0
2,random,101.0,169.0
2,random,102.0,145.0
2,random,106.0,154.0
2,random,150.0,183.0
2,random,116.0,189.0
2,random,87.0,100.0
2,random,116.0,150.0
2,random,116.0,170.0
2,random,116.0,173.0
2,random,82.0,126.0
2,random,106.0,189.0
2,random,105.0,154.0
2,random,140.0,140.0
2,random,141.0,228.0
2,random,107.0,141.0
2,random,87.0,135.0
2,random,87.0,140.0
2,random,111.0,150.0
2,random,96.0,96.0
2,random,106.0,173.0
2,random,111.0,204.0
2,random,101.0,173.0
2,random,126.0,164.0
2,random,121.0,179.0
2,random,151.0,228.0
2,random,111.0,130.0
2,random,126.0,175.0
2,random,115.0,199.0
2,random,116.0,159.0
2,random,120.0,193.0
2,random,116.0,151.0
2,random,140.0,173.0
2,random,140.0,194.0
2,random,116.0,145.0
2,random,102.0,135.0
2,random,102.0,121.0
2,random,131.0,208.0
2,random,91.0,129.0
2,random,96.0,144.0
2,random,140.0,154.0
2,random,96.0,145.0
2,random,116.0,143.0
2,random,130.0,193.0
2,random,101.0,155.0
2,random,101.0,135.0
2,random,145.0,178.0
2,random,136.0,164.0
2,random,135.0,159.0
2,random,131.0,125.0
2,HC_HI,126.0,159.0
2,HC_HI,121.0,189.0
2,HC_HI,101.0,145.0
2,HC_HI,102.0,150.0
2,HC_HI,87.0,120.0
2,HC_HI,101.0,169.0
2,HC_HI,87.0,155.0
2,HC_HI,131.0,145.0
2,HC_HI,102.0,135.0
2,HC_HI,101.0,125.0
2,HC_HI,130.0,179.0
2,HC_HI,111.0,208.0
2,HC_HI,151.0,194.0
2,HC_HI,121.0,174.0
2,HC_HI,67.0,140.0
2,HC_HI,91.0,188.0
2,HC_HI,87.0,155.0
2,HC_HI,101.0,135.0
2,HC_HI,106.0,135.0
2,HC_HI,101.0,184.0
2,HC_HI,101.0,129.0
2,HC_HI,111.0,126.0
2,HC_HI,72.0,116.0
2,HC_HI,110.0,188.0
2,HC_HI,101.0,135.0
2,HC_HI,130.0,193.0
2,HC_HI,140.0,218.0
2,HC_HI,97.0,141.0
2,HC_HI,97.0,140.0
2,HC_HI,106.0,154.0
2,HC_HI,116.0,169.0
2,HC_HI,102.0,140.0
2,HC_HI,116.0,165.0
2,HC_HI,115.0,178.0
2,HC_HI,86.0,116.0
2,HC_HI,115.0,153.0
2,HC_HI,101.0,184.0
2,HC_HI,92.0,143.0
2,HC_HI,125.0,145.0
2,HC_HI,135.0,209.0
2,HC_HI,145.0,194.0
2,HC_HI,130.0,194.0
2,HC_HI,111.0,159.0
2,HC_HI,111.0,180.0
2,HC_HI,130.0,174.0
2,HC_HI,86.0,134.0
2,HC_HI,105.0,164.0
2,HC_HI,135.0,208.0
2,HC_HI,120.0,154.0
2,HC_HI,115.0,168.0
2,HC_HI,115.0,168.0
2,HC_HI,101.0,164.0
2,HC_HI,106.0,193.0
2,HC_HI,106.0,153.0
2,HC_HI,101.0,125.0
2,HC_HI,111.0,188.0
2,HC_HI,121.0,174.0
2,HC_HI,116.0,174.0
2,HC_HI,105.0,159.0
2,HC_HI,155.0,188.0
2,HC_HI,126.0,203.0
2,HC_HI,140.0,218.0
2,HC_HI,92.0,135.0
2,HC_HI,87.0,125.0
2,HC_HI,105.0,154.0
2,HC_HI,112.0,145.0
2,HC_HI,106.0,154.0
2,HC_HI,91.0,164.0
2,HC_HI,121.0,155.0
2,HC_HI,87.0,102.0
2,HC_HI,116.0,155.0
2,HC_HI,91.0,81.0
2,HC_HI,106.0,154.0
2,HC_HI,90.0,169.0
2,HC_HI,117.0,179.0
2,HC_HI,106.0,159.0
2,HC_HI,136.0,174.0
2,HC_HI,130.0,174.0
2,HC_HI,156.0,203.0
2,HC_HI,72.0,140.0
2,HC_HI,121.0,169.0
2,HC_HI,115.0,208.0
2,HC_HI,101.0,135.0
2,HC_HI,92.0,155.0
2,HC_HI,116.0,140.0
2,HC_HI,101.0,148.0
2,HC_HI,91.0,145.0
2,HC_HI,126.0,140.0
2,HC_HI,121.0,179.0
2,HC_HI,126.0,179.0
2,HC_HI,92.0,159.0
2,HC_HI,97.0,115.0
2,HC_HI,126.0,203.0
2,HC_HI,101.0,164.0
2,HC_HI,101.0,135.0
2,HC_HI,102.0,145.0
2,HC_HI,121.0,194.0
2,HC_HI,87.0,155.0
2,HC_HI,92.0,125.0
2,HC_HI,101.0,148.0
2,HC_HI,111.0,150.0
2,HC_HI,111.0,114.0
2,HC_HI,121.0,179.0
2,HC_HI,92.0,149.0
2,HC_HI,90.0,169.0
2,HC_HI,77.0,124.0
2,HC_HI,117.0,179.0
2,HC_HI,106.0,124.0
2,HC_HI,100.0,165.0
2,HC_HI,101.0,183.0
2,HC_HI,125.0,150.0
2,HC_HI,136.0,224.0
2,HC_HI,96.0,149.0
2,HC_HI,72.0,92.0
2,HC_HI,126.0,198.0
2,HC_HI,82.0,164.0
2,HC_HI,111.0,126.0
2,HC_HI,110.0,208.0
2,HC_HI,106.0,159.0
2,HC_HI,121.0,184.0
2,HC_HI,78.0,125.0
2,HC_HI,106.0,139.0
2,HC_HI,91.0,119.0
2,HC_HI,131.0,183.0
2,HC_HI,111.0,179.0
2,HC_HI,102.0,150.0
2,HC_HI,101.0,145.0
2,HC_HI,97.0,155.0
2,HC_HI,96.0,159.0
2,HC_HI,82.0,135.0
2,HC_HI,101.0,168.0
2,HC_HI,91.0,169.0
2,HC_HI,126.0,169.0
2,HC_HI,130.0,174.0
2,HC_HI,125.0,140.0
2,HC_HI,77.0,91.0
2,HC_HI,92.0,139.0
2,HC_HI,86.0,149.0
2,HC_HI,116.0,149.0
2,HC_HI,96.0,115.0
2,HC_HI,135.0,203.0
2,HC_HI,140.0,173.0
2,HC_HI,92.0,149.0
2,HC_HI,121.0,179.0
2,HC_HI,100.0,165.0
2,HC_HI,126.0,179.0
2,HC_HI,125.0,138.0
2,HC_HI,121.0,149.0
2,HC_HI,101.0,164.0
2,HC_HI,130.0,159.0
2,HC_HI,101.0,159.0
2,HC_HI,115.0,208.0
2,HC_HI,105.0,164.0
2,HC_HI,121.0,159.0
2,HC_HI,87.0,106.0
2,HC_HI,121.0,208.0
2,HC_HI,97.0,115.0
2,HC_HI,111.0,145.0
2,HC_HI,106.0,183.0
2,HC_HI,106.0,203.0
2,HC_HI,97.0,121.0
2,HC_HI,121.0,174.0
2,HC_HI,150.0,183.0
2,HC_HI,126.0,135.0
2,HC_HI,111.0,130.0
2,HC_HI,115.0,130.0
2,HC_HI,131.0,194.0
2,HC_HI,87.0,102.0
2,HC_HI,160.0,228.0
2,HC_HI,130.0,169.0
2,HC_HI,115.0,178.0
2,HC_HI,145.0,179.0
2,HC_HI,111.0,173.0
2,HC_HI,87.0,126.0
2,HC_HI,110.0,169.0
2,HC_HI,95.0,149.0
2,HC_HI,121.0,179.0
2,HC_HI,126.0,130.0
2,HC_HI,116.0,140.0
2,HC_HI,78.0,125.0
2,HC_HI,126.0,169.0
2,HC_HI,110.0,144.0
2,HC_HI,115.0,154.0
2,HC_HI,77.0,121.0
2,HC_HI,126.0,199.0
2,HC_HI,91.0,159.0
2,HC_HI,126.0,135.0
2,HC_HI,116.0,178.0
2,HC_HI,110.0,168.0
2,HC_HI,126.0,203.0
2,HC_HI,121.0,179.0
2,HC_HI,115.0,178.0
2,HC_HI,126.0,173.0
2,HC_HI,97.0,155.0
2,HC_HI,101.0,134.0
2,HC_HI,165.0,183.0
2,HC_HI,125.0,203.0
2,HC_HI,126.0,135.0
2,HC_HI,91.0,115.0
2,HC_HI,95.0,144.0
2,HC_LI,116.0,193.0
2,HC_LI,116.0,178.0
2,HC_LI,111.0,140.0
2,HC_LI,86.0,119.0
2,HC_LI,111.0,143.0
2,HC_LI,131.0,189.0
2,HC_LI,121.0,149.0
2,HC_LI,111.0,169.0
2,HC_LI,92.0,174.0
2,HC_LI,82.0,139.0
2,HC_LI,141.0,223.0
2,HC_LI,140.0,188.0
2,HC_LI,141.0,223.0
2,HC_LI,116.0,118.0
2,HC_LI,125.0,208.0
2,HC_LI,116.0,159.0
2,HC_LI,131.0,223.0
2,HC_LI,115.0,159.0
2,HC_LI,125.0,188.0
2,HC_LI,101.0,164.0
2,HC_LI,120.0,188.0
2,HC_LI,135.0,198.0
2,HC_LI,105.0,135.0
2,HC_LI,120.0,178.0
2,HC_LI,116.0,141.0
2,HC_LI,135.0,198.0
2,HC_LI,111.0,139.0
2,HC_LI,100.0,179.0
2,HC_LI,97.0,168.0
2,HC_LI,101.0,144.0
2,HC_LI,115.0,199.0
2,HC_LI,125.0,188.0
2,HC_LI,131.0,169.0
2,HC_LI,101.0,149.0
2,HC_LI,110.0,153.0
2,HC_LI,140.0,140.0
2,HC_LI,121.0,218.0
2,HC_LI,116.0,204.0
2,HC_LI,106.0,178.0
2,HC_LI,131.0,174.0
2,HC_LI,121.0,223.0
2,HC_LI,125.0,179.0
2,HC_LI,100.0,183.0
2,HC_LI,106.0,150.0
2,HC_LI,135.0,143.0
2,HC_LI,106.0,121.0
2,HC_LI,125.0,169.0
2,HC_LI,111.0,169.0
2,HC_LI,115.0,199.0
2,HC_LI,105.0,135.0
2,HC_LI,101.0,158.0
2,HC_LI,135.0,198.0
2,HC_LI,116.0,165.0
2,HC_LI,101.0,135.0
2,HC_LI,125.0,188.0
2,HC_LI,120.0,140.0
2,HC_LI,130.0,179.0
2,HC_LI,131.0,140.0
2,HC_LI,116.0,178.0
2,HC_LI,116.0,165.0
2,HC_LI,111.0,194.0
2,HC_LI,111.0,179.0
2,HC_LI,111.0,126.0
2,HC_LI,101.0,140.0
2,HC_LI,131.0,194.0
2,HC_LI,111.0,169.0
2,HC_LI,96.0,149.0
2,HC_LI,141.0,223.0
2,HC_LI,125.0,174.0
2,HC_LI,101.0,149.0
2,HC_LI,96.0,155.0
2,HC_LI,126.0,194.0
2,HC_LI,96.0,155.0
2,HC_LI,126.0,184.0
2,HC_LI,111.0,178.0
2,HC_LI,131.0,193.0
2,HC_LI,140.0,193.0
2,HC_LI,96.0,155.0
2,HC_LI,100.0,154.0
2,HC_LI,116.0,183.0
2,HC_LI,106.0,154.0
2,HC_LI,130.0,179.0
2,HC_LI,121.0,149.0
2,HC_LI,112.0,148.0
2,HC_LI,106.0,173.0
2,HC_LI,101.0,149.0
2,HC_LI,115.0,203.0
2,HC_LI,141.0,208.0
2,HC_LI,130.0,168.0
2,HC_LI,130.0,179.0
2,HC_LI,125.0,179.0
2,HC_LI,82.0,139.0
2,HC_LI,120.0,188.0
2,HC_LI,135.0,143.0
2,HC_LI,101.0,163.0
2,HC_LI,126.0,198.0
2,HC_LI,141.0,154.0
2,HC_LI,121.0,189.0
2,HC_LI,135.0,183.0
2,HC_LI,106.0,150.0
2,HC_LI,125.0,174.0
2,HC_LI,115.0,134.0
2,HC_LI,126.0,199.0
2,HC_LI,106.0,150.0
2,HC_LI,131.0,154.0
2,HC_LI,126.0,153.0
2,HC_LI,96.0,150.0
2,HC_LI,106.0,159.0
2,HC_LI,131.0,208.0
2,HC_LI,111.0,169.0
2,HC_LI,101.0,178.0
2,HC_LI,121.0,149.0
2,HC_LI,106.0,140.0
2,HC_LI,97.0,179.0
2,HC_LI,116.0,150.0
2,HC_LI,101.0,154.0
2,HC_LI,97.0,170.0
2,HC_LI,115.0,136.0
2,HC_LI,115.0,129.0
2,HC_LI,111.0,194.0
2,HC_LI,141.0,208.0
2,HC_LI,101.0,173.0
2,HC_LI,106.0,160.0
2,HC_LI,101.0,135.0
2,HC_LI,86.0,144.0
2,HC_LI,106.0,130.0
2,HC_LI,105.0,153.0
2,HC_LI,116.0,169.0
2,HC_LI,106.0,160.0
2,HC_LI,126.0,145.0
2,HC_LI,116.0,118.0
2,HC_LI,115.0,203.0
2,HC_LI,111.0,163.0
2,HC_LI,106.0,121.0
2,HC_LI,97.0,164.0
2,HC_LI,111.0,153.0
2,HC_LI,126.0,145.0
2,HC_LI,121.0,199.0
2,HC_LI,116.0,174.0
2,HC_LI,121.0,119.0
2,HC_LI,112.0,148.0
2,HC_LI,106.0,140.0
2,HC_LI,101.0,183.0
2,HC_LI,145.0,223.0
2,HC_LI,101.0,150.0
2,HC_LI,106.0,154.0
2,HC_LI,100.0,183.0
2,HC_LI,121.0,149.0
2,HC_LI,106.0,130.0
2,HC_LI,131.0,193.0
2,HC_LI,97.0,168.0
2,HC_LI,116.0,150.0
2,HC_LI,116.0,159.0
2,HC_LI,106.0,134.0
2,HC_LI,101.0,178.0
2,HC_LI,125.0,179.0
2,HC_LI,101.0,139.0
2,HC_LI,101.0,129.0
2,HC_LI,125.0,179.0
2,HC_LI,101.0,174.0
2,HC_LI,97.0,168.0
2,HC_LI,97.0,164.0
2,HC_LI,106.0,154.0
2,HC_LI,111.0,158.0
2,HC_LI,105.0,153.0
2,HC_LI,116.0,204.0
2,HC_LI,125.0,179.0
2,HC_LI,116.0,178.0
2,HC_LI,96.0,154.0
2,HC_LI,97.0,170.0
2,HC_LI,111.0,183.0
2,HC_LI,125.0,188.0
2,HC_LI,116.0,178.0
2,HC_LI,102.0,165.0
2,HC_LI,116.0,174.0
2,HC_LI,131.0,184.0
2,HC_LI,131.0,223.0
2,HC_LI,106.0,130.0
2,HC_LI,121.0,154.0
2,HC_LI,116.0,160.0
2,HC_LI,101.0,183.0
2,HC_LI,116.0,208.0
2,HC_LI,100.0,154.0
2,HC_LI,121.0,139.0
2,HC_LI,105.0,169.0
2,HC_LI,130.0,179.0
2,HC_LI,105.0,174.0
2,HC_LI,101.0,149.0
2,HC_LI,125.0,148.0
2,HC_LI,130.0,169.0
2,HC_LI,106.0,121.0
2,HC_LI,97.0,179.0
2,HC_LI,106.0,154.0
2,HC_LI,111.0,188.0
2,HC_LI,135.0,174.0
2,HC_LI,120.0,130.0
2,HC_LI,121.0,174.0
2,HC_LI,125.0,198.0
2,HC_LI,101.0,150.0
2,HC_LI,101.0,173.0
2,LC_HI,146.0,165.0
2,LC_HI,97.0,126.0
2,LC_HI,95.0,140.0
2,LC_HI,115.0,129.0
2,LC_HI,106.0,139.0
2,LC_HI,77.0,111.0
2,LC_HI,121.0,165.0
2,LC_HI,126.0,189.0
2,LC_HI,131.0,164.0
2,LC_HI,141.0,131.0
2,LC_HI,121.0,168.0
2,LC_HI,115.0,155.0
2,LC_HI,92.0,87.0
2,LC_HI,92.0,140.0
2,LC_HI,125.0,150.0
2,LC_HI,125.0,184.0
2,LC_HI,111.0,160.0
2,LC_HI,101.0,154.0
2,LC_HI,117.0,126.0
2,LC_HI,116.0,150.0
2,LC_HI,106.0,217.0
2,LC_HI,96.0,131.0
2,LC_HI,77.0,120.0
2,LC_HI,135.0,159.0
2,LC_HI,111.0,198.0
2,LC_HI,150.0,208.0
2,LC_HI,111.0,121.0
2,LC_HI,110.0,164.0
2,LC_HI,106.0,160.0
2,LC_HI,106.0,160.0
2,LC_HI,92.0,140.0
2,LC_HI,116.0,169.0
2,LC_HI,63.0,115.0
2,LC_HI,106.0,150.0
2,LC_HI,96.0,135.0
2,LC_HI,86.0,139.0
2,LC_HI,111.0,115.0
2,LC_HI,106.0,135.0
2,LC_HI,116.0,146.0
2,LC_HI,121.0,165.0
2,LC_HI,116.0,228.0
2,LC_HI,107.0,140.0
2,LC_HI,106.0,194.0
2,LC_HI,92.0,125.0
2,LC_HI,87.0,134.0
2,LC_HI,67.0,105.0
2,LC_HI,116.0,165.0
2,LC_HI,136.0,199.0
2,LC_HI,140.0,188.0
2,LC_HI,111.0,130.0
2,LC_HI,96.0,131.0
2,LC_HI,125.0,148.0
2,LC_HI,101.0,150.0
2,LC_HI,96.0,101.0
2,LC_HI,150.0,164.0
2,LC_HI,102.0,96.0
2,LC_HI,87.0,130.0
2,LC_HI,140.0,188.0
2,LC_HI,78.0,77.0
2,LC_HI,106.0,165.0
2,LC_HI,115.0,189.0
2,LC_HI,63.0,115.0
2,LC_HI,116.0,189.0
2,LC_HI,102.0,149.0
2,LC_HI,126.0,159.0
2,LC_HI,144.0,164.0
2,LC_HI,122.0,135.0
2,LC_HI,63.0,115.0
2,LC_HI,121.0,169.0
2,LC_HI,130.0,111.0
2,LC_HI,91.0,168.0
2,LC_HI,116.0,179.0
2,LC_HI,121.0,189.0
2,LC_HI,135.0,218.0
2,LC_HI,126.0,159.0
2,LC_HI,92.0,179.0
2,LC_HI,116.0,150.0
2,LC_HI,81.0,155.0
2,LC_HI,82.0,97.0
2,LC_HI,121.0,169.0
2,LC_HI,77.0,120.0
2,LC_HI,126.0,126.0
2,LC_HI,131.0,145.0
2,LC_HI,97.0,131.0
2,LC_HI,131.0,175.0
2,LC_HI,145.0,189.0
2,LC_HI,92.0,106.0
2,LC_HI,131.0,180.0
2,LC_HI,150.0,208.0
2,LC_HI,111.0,164.0
2,LC_HI,111.0,125.0
2,LC_HI,97.0,189.0
2,LC_HI,126.0,170.0
2,LC_HI,78.0,116.0
2,LC_HI,145.0,193.0
2,LC_HI,161.0,214.0
2,LC_HI,130.0,154.0
2,LC_HI,111.0,135.0
2,LC_HI,101.0,159.0
2,LC_HI,135.0,203.0
2,LC_HI,107.0,165.0
2,LC_HI,106.0,160.0
2,LC_HI,82.0,90.0
2,LC_HI,92.0,87.0
2,LC_HI,107.0,156.0
2,LC_HI,136.0,179.0
2,LC_HI,107.0,179.0
2,LC_HI,126.0,159.0
2,LC_HI,135.0,183.0
2,LC_HI,101.0,135.0
2,LC_HI,116.0,158.0
2,LC_HI,87.0,125.0
2,LC_HI,121.0,145.0
2,LC_HI,82.0,121.0
2,LC_HI,102.0,116.0
2,LC_HI,73.0,77.0
2,LC_HI,107.0,135.0
2,LC_HI,107.0,165.0
2,LC_HI,151.0,145.0
2,LC_HI,97.0,164.0
2,LC_HI,67.0,105.0
2,LC_HI,101.0,154.0
2,LC_HI,92.0,120.0
2,LC_HI,130.0,218.0
2,LC_HI,86.0,169.0
2,LC_HI,130.0,184.0
2,LC_HI,141.0,131.0
2,LC_HI,111.0,115.0
2,LC_HI,121.0,209.0
2,LC_HI,130.0,198.0
2,LC_HI,92.0,131.0
2,LC_HI,96.0,169.0
2,LC_HI,121.0,126.0
2,LC_HI,105.0,119.0
2,LC_HI,155.0,213.0
2,LC_HI,97.0,140.0
2,LC_HI,77.0,120.0
2,LC_HI,111.0,198.0
2,LC_HI,82.0,97.0
2,LC_HI,101.0,164.0
2,LC_HI,126.0,155.0
2,LC_HI,150.0,193.0
2,LC_HI,116.0,228.0
2,LC_HI,101.0,116.0
2,LC_HI,141.0,155.0
2,LC_HI,125.0,183.0
2,LC_HI,97.0,131.0
2,LC_HI,126.0,208.0
2,LC_HI,78.0,96.0
2,LC_HI,110.0,124.0
2,LC_HI,96.0,174.0
2,LC_HI,48.0,91.0
2,LC_HI,145.0,174.0
2,LC_HI,92.0,165.0
2,LC_HI,97.0,140.0
2,LC_HI,131.0,164.0
2,LC_HI,107.0,139.0
2,LC_HI,126.0,146.0
2,LC_HI,81.0,155.0
2,LC_HI,125.0,199.0
2,LC_HI,115.0,144.0
2,LC_HI,106.0,154.0
2,LC_HI,48.0,91.0
2,LC_HI,126.0,165.0
2,LC_HI,92.0,120.0
2,LC_HI,121.0,170.0
2,LC_HI,111.0,199.0
2,LC_HI,116.0,160.0
2,LC_HI,107.0,135.0
2,LC_HI,116.0,130.0
2,LC_HI,126.0,126.0
2,LC_HI,107.0,146.0
2,LC_HI,101.0,110.0
2,LC_HI,130.0,198.0
2,LC_HI,126.0,179.0
2,LC_HI,126.0,169.0
2,LC_HI,135.0,184.0
2,LC_HI,126.0,116.0
2,LC_HI,101.0,135.0
2,LC_HI,106.0,150.0
2,LC_HI,112.0,189.0
2,LC_HI,151.0,224.0
2,LC_HI,96.0,150.0
2,LC_HI,141.0,204.0
2,LC_HI,111.0,140.0
2,LC_HI,116.0,163.0
2,LC_HI,82.0,121.0
2,LC_HI,145.0,223.0
2,LC_HI,120.0,174.0
2,LC_HI,102.0,107.0
2,LC_HI,121.0,168.0
2,LC_HI,101.0,145.0
2,LC_HI,115.0,189.0
2,LC_HI,121.0,165.0
2,LC_HI,97.0,131.0
2,LC_HI,121.0,131.0
2,LC_HI,115.0,174.0
2,LC_HI,92.0,145.0
2,LC_HI,96.0,154.0
2,LC_HI,150.0,193.0
2,LC_LI,135.0,159.0
2,LC_LI,92.0,116.0
2,LC_LI,106.0,150.0
2,LC_LI,90.0,140.0
2,LC_LI,101.0,139.0
2,LC_LI,116.0,145.0
2,LC_LI,107.0,164.0
2,LC_LI,106.0,149.0
2,LC_LI,106.0,150.0
2,LC_LI,106.0,111.0
2,LC_LI,126.0,214.0
2,LC_LI,116.0,140.0
2,LC_LI,102.0,148.0
2,LC_LI,116.0,154.0
2,LC_LI,121.0,164.0
2,LC_LI,125.0,155.0
2,LC_LI,87.0,139.0
2,LC_LI,101.0,160.0
2,LC_LI,119.0,158.0
2,LC_LI,125.0,130.0
2,LC_LI,131.0,194.0
2,LC_LI,150.0,223.0
2,LC_LI,140.0,198.0
2,LC_LI,112.0,164.0
2,LC_LI,121.0,184.0
2,LC_LI,120.0,160.0
2,LC_LI,120.0,164.0
2,LC_LI,126.0,155.0
2,LC_LI,107.0,151.0
2,LC_LI,101.0,198.0
2,LC_LI,101.0,160.0
2,LC_LI,97.0,106.0
2,LC_LI,87.0,179.0
2,LC_LI,107.0,151.0
2,LC_LI,111.0,159.0
2,LC_LI,90.0,140.0
2,LC_LI,87.0,130.0
2,LC_LI,136.0,193.0
2,LC_LI,131.0,145.0
2,LC_LI,126.0,184.0
2,LC_LI,101.0,139.0
2,LC_LI,107.0,125.0
2,LC_LI,136.0,169.0
2,LC_LI,131.0,194.0
2,LC_LI,96.0,155.0
2,LC_LI,107.0,160.0
2,LC_LI,120.0,184.0
2,LC_LI,121.0,183.0
2,LC_LI,140.0,198.0
2,LC_LI,90.0,140.0
2,LC_LI,131.0,204.0
2,LC_LI,131.0,204.0
2,LC_LI,96.0,155.0
2,LC_LI,101.0,139.0
2,LC_LI,120.0,164.0
2,LC_LI,102.0,170.0
2,LC_LI,120.0,164.0
2,LC_LI,116.0,149.0
2,LC_LI,121.0,199.0
2,LC_LI,116.0,141.0
2,LC_LI,120.0,163.0
2,LC_LI,145.0,169.0
2,LC_LI,96.0,144.0
2,LC_LI,136.0,169.0
2,LC_LI,112.0,169.0
2,LC_LI,106.0,149.0
2,LC_LI,91.0,110.0
2,LC_LI,145.0,144.0
2,LC_LI,131.0,204.0
2,LC_LI,120.0,184.0
2,LC_LI,121.0,129.0
2,LC_LI,111.0,140.0
2,LC_LI,125.0,155.0
2,LC_LI,121.0,184.0
2,LC_LI,102.0,126.0
2,LC_LI,90.0,119.0
2,LC_LI,116.0,155.0
2,LC_LI,145.0,154.0
2,LC_LI,97.0,115.0
2,LC_LI,116.0,170.0
2,LC_LI,106.0,135.0
2,LC_LI,107.0,151.0
2,LC_LI,131.0,140.0
2,LC_LI,106.0,169.0
2,LC_LI,136.0,174.0
2,LC_LI,136.0,169.0
2,LC_LI,116.0,155.0
2,LC_LI,116.0,155.0
2,LC_LI,116.0,130.0
2,LC_LI,125.0,173.0
2,LC_LI,120.0,160.0
2,LC_LI,140.0,179.0
2,LC_LI,111.0,120.0
2,LC_LI,121.0,129.0
2,LC_LI,101.0,139.0
2,LC_LI,110.0,144.0
2,LC_LI,120.0,160.0
2,LC_LI,111.0,169.0
2,LC_LI,155.0,164.0
2,LC_LI,127.0,136.0
2,LC_LI,131.0,150.0
2,LC_LI,135.0,198.0
2,LC_LI,106.0,150.0
2,LC_LI,145.0,169.0
2,LC_LI,161.0,150.0
2,LC_LI,116.0,121.0
2,LC_LI,140.0,213.0
2,LC_LI,92.0,120.0
2,LC_LI,121.0,155.0
2,LC_LI,131.0,164.0
2,LC_LI,111.0,140.0
2,LC_LI,116.0,154.0
2,LC_LI,131.0,184.0
2,LC_LI,120.0,163.0
2,LC_LI,116.0,155.0
2,LC_LI,156.0,116.0
2,LC_LI,106.0,111.0
2,LC_LI,92.0,120.0
2,LC_LI,101.0,107.0
2,LC_LI,102.0,148.0
2,LC_LI,110.0,183.0
2,LC_LI,135.0,159.0
2,LC_LI,105.0,159.0
2,LC_LI,92.0,116.0
2,LC_LI,116.0,178.0
2,LC_LI,90.0,119.0
2,LC_LI,136.0,174.0
2,LC_LI,121.0,199.0
2,LC_LI,121.0,129.0
2,LC_LI,150.0,223.0
2,LC_LI,111.0,111.0
2,LC_LI,130.0,154.0
2,LC_LI,106.0,115.0
2,LC_LI,141.0,170.0
2,LC_LI,125.0,155.0
2,LC_LI,101.0,107.0
2,LC_LI,121.0,129.0
2,LC_LI,126.0,170.0
2,LC_LI,116.0,155.0
2,LC_LI,111.0,169.0
2,LC_LI,91.0,169.0
2,LC_LI,131.0,213.0
2,LC_LI,86.0,121.0
2,LC_LI,81.0,135.0
2,LC_LI,105.0,159.0
2,LC_LI,121.0,183.0
2,LC_LI,140.0,178.0
2,LC_LI,106.0,178.0
2,LC_LI,140.0,198.0
2,LC_LI,131.0,140.0
2,LC_LI,121.0,149.0
2,LC_LI,131.0,140.0
2,LC_LI,106.0,111.0
2,LC_LI,106.0,169.0
2,LC_LI,116.0,141.0
2,LC_LI,131.0,141.0
2,LC_LI,126.0,169.0
2,LC_LI,136.0,169.0
2,LC_LI,106.0,115.0
2,LC_LI,126.0,169.0
2,LC_LI,96.0,154.0
2,LC_LI,155.0,228.0
2,LC_LI,102.0,155.0
2,LC_LI,86.0,106.0
2,LC_LI,135.0,169.0
2,LC_LI,87.0,160.0
2,LC_LI,136.0,169.0
2,LC_LI,130.0,169.0
2,LC_LI,87.0,179.0
2,LC_LI,111.0,145.0
2,LC_LI,116.0,155.0
2,LC_LI,156.0,116.0
2,LC_LI,150.0,223.0
2,LC_LI,87.0,154.0
2,LC_LI,102.0,155.0
2,LC_LI,111.0,174.0
2,LC_LI,111.0,189.0
2,LC_LI,116.0,179.0
2,LC_LI,140.0,194.0
2,LC_LI,95.0,169.0
2,LC_LI,106.0,115.0
2,LC_LI,145.0,144.0
2,LC_LI,111.0,144.0
2,LC_LI,126.0,184.0
2,LC_LI,140.0,179.0
2,LC_LI,141.0,228.0
2,LC_LI,116.0,140.0
2,LC_LI,111.0,119.0
2,LC_LI,131.0,194.0
2,LC_LI,91.0,110.0
2,LC_LI,96.0,154.0
2,LC_LI,111.0,145.0
2,LC_LI,126.0,198.0
2,LC_LI,131.0,145.0
2,LC_LI,120.0,184.0
2,LC_LI,97.0,115.0
2,LC_LI,121.0,165.0
2,LC_LI,126.0,155.0
2,LC_LI,121.0,180.0
2,LC_LI,105.0,169.0
3,random,77.0,105.0
3,random,82.0,134.0
3,random,78.0,160.0
3,random,77.0,183.0
3,random,92.0,146.0
3,random,87.0,193.0
3,random,92.0,193.0
3,random,87.0,178.0
3,random,82.0,135.0
3,random,97.0,174.0
3,random,72.0,96.0
3,random,78.0,160.0
3,random,87.0,169.0
3,random,73.0,154.0
3,random,82.0,160.0
3,random,82.0,149.0
3,random,87.0,169.0
3,random,111.0,163.0
3,random,63.0,145.0
3,random,122.0,199.0
3,random,63.0,121.0
3,random,78.0,101.0
3,random,91.0,198.0
3,random,106.0,139.0
3,random,106.0,130.0
3,random,102.0,174.0
3,random,91.0,188.0
3,random,82.0,155.0
3,random,62.0,125.0
3,random,77.0,150.0
3,random,63.0,125.0
3,random,73.0,139.0
3,random,68.0,150.0
3,random,97.0,136.0
3,random,97.0,165.0
3,random,62.0,159.0
3,random,87.0,198.0
3,random,97.0,159.0
3,random,87.0,151.0
3,random,116.0,248.0
3,random,117.0,199.0
3,random,87.0,194.0
3,random,82.0,131.0
3,random,92.0,169.0
3,random,97.0,208.0
3,random,77.0,105.0
3,random,91.0,203.0
3,random,82.0,134.0
3,random,97.0,125.0
3,random,57.0,120.0
3,random,92.0,121.0
3,random,87.0,116.0
3,random,92.0,198.0
3,random,111.0,183.0
3,random,92.0,154.0
3,random,77.0,125.0
3,random,82.0,115.0
3,random,77.0,105.0
3,random,77.0,125.0
3,random,87.0,155.0
3,random,71.0,115.0
3,random,82.0,149.0
3,random,87.0,174.0
3,random,91.0,194.0
3,random,72.0,135.0
3,random,73.0,116.0
3,random,87.0,169.0
3,random,82.0,169.0
3,random,78.0,204.0
3,random,81.0,149.0
3,random,72.0,129.0
3,random,77.0,183.0
3,random,82.0,169.0
3,random,107.0,208.0
3,random,63.0,155.0
3,random,63.0,135.0
3,random,136.0,145.0
3,random,73.0,116.0
3,random,63.0,150.0
3,random,121.0,183.0
3,random,77.0,130.0
3,random,58.0,101.0
3,random,92.0,140.0
3,random,87.0,179.0
3,random,102.0,155.0
3,random,96.0,203.0
3,random,87.0,174.0
3,random,73.0,159.0
3,random,87.0,150.0
3,random,78.0,150.0
3,random,92.0,165.0
3,random,78.0,131.0
3,random,68.0,97.0
3,random,97.0,189.0
3,random,91.0,119.0
3,random,87.0,189.0
3,random,82.0,189.0
3,random,48.0,111.0
3,random,101.0,169.0
3,random,58.0,106.0
3,random,68.0,140.0
3,random,97.0,179.0
3,random,82.0,106.0
3,random,97.0,170.0
3,random,48.0,62.0
3,random,78.0,189.0
3,random,78.0,174.0
3,random,87.0,184.0
3,random,78.0,165.0
3,random,82.0,125.0
3,random,92.0,164.0
3,random,78.0,174.0
3,random,102.0,160.0
3,random,92.0,194.0
3,random,97.0,193.0
3,random,78.0,193.0
3,random,97.0,183.0
3,random,87.0,185.0
3,random,78.0,140.0
3,random,62.0,145.0
3,random,57.0,120.0
3,random,73.0,101.0
3,random,62.0,164.0
3,random,63.0,164.0
3,random,87.0,144.0
3,random,82.0,164.0
3,random,86.0,198.0
3,random,67.0,169.0
3,random,67.0,139.0
3,random,122.0,218.0
3,random,97.0,150.0
3,random,92.0,121.0
3,random,97.0,169.0
3,random,77.0,159.0
3,random,78.0,179.0
3,random,97.0,159.0
3,random,53.0,92.0
3,random,78.0,144.0
3,random,77.0,168.0
3,random,68.0,140.0
3,random,87.0,169.0
3,random,97.0,149.0
3,random,87.0,209.0
3,random,87.0,208.0
3,random,126.0,164.0
3,random,97.0,158.0
3,random,92.0,184.0
3,random,82.0,208.0
3,random,87.0,160.0
3,random,96.0,154.0
3,random,87.0,189.0
3,random,92.0,174.0
3,random,82.0,184.0
3,random,68.0,140.0
3,random,82.0,155.0
3,random,82.0,154.0
3,random,77.0,96.0
3,random,112.0,145.0
3,random,116.0,173.0
3,random,87.0,139.0
3,random,122.0,198.0
3,random,73.0,154.0
3,random,77.0,149.0
3,random,72.0,130.0
3,random,78.0,131.0
3,random,101.0,135.0
3,random,97.0,188.0
3,random,87.0,149.0
3,random,78.0,76.0
3,random,82.0,179.0
3,random,101.0,198.0
3,random,87.0,135.0
3,random,72.0,155.0
3,random,101.0,131.0
3,random,77.0,140.0
3,random,92.0,144.0
3,random,102.0,227.0
3,random,97.0,214.0
3,random,77.0,145.0
3,random,96.0,163.0
3,random,141.0,208.0
3,random,82.0,159.0
3,random,53.0,126.0
3,random,87.0,135.0
3,random,87.0,158.0
3,random,107.0,179.0
3,random,92.0,155.0
3,random,82.0,173.0
3,random,82.0,169.0
3,random,92.0,218.0
3,random,77.0,126.0
3,random,68.0,160.0
3,random,92.0,193.0
3,random,87.0,188.0
3,random,87.0,159.0
3,random,92.0,124.0
3,random,91.0,140.0
3,random,97.0,154.0
3,random,87.0,169.0
3,random,72.0,119.0
3,HC_HI,62.0,106.0
3,HC_HI,101.0,213.0
3,HC_HI,77.0,121.0
3,HC_HI,87.0,140.0
3,HC_HI,102.0,174.0
3,HC_HI,82.0,183.0
3,HC_HI,92.0,111.0
3,HC_HI,92.0,174.0
3,HC_HI,92.0,193.0
3,HC_HI,82.0,180.0
3,HC_HI,77.0,144.0
3,HC_HI,97.0,194.0
3,HC_HI,91.0,178.0
3,HC_HI,58.0,125.0
3,HC_HI,97.0,164.0
3,HC_HI,43.0,125.0
3,HC_HI,92.0,115.0
3,HC_HI,57.0,96.0
3,HC_HI,67.0,150.0
3,HC_HI,77.0,130.0
3,HC_HI,102.0,199.0
3,HC_HI,102.0,189.0
3,HC_HI,102.0,218.0
3,HC_HI,57.0,95.0
3,HC_HI,92.0,159.0
3,HC_HI,97.0,179.0
3,HC_HI,86.0,134.0
3,HC_HI,92.0,193.0
3,HC_HI,97.0,174.0
3,HC_HI,87.0,159.0
3,HC_HI,72.0,169.0
3,HC_HI,77.0,164.0
3,HC_HI,82.0,153.0
3,HC_HI,67.0,115.0
3,HC_HI,77.0,164.0
3,HC_HI,87.0,184.0
3,HC_HI,72.0,169.0
3,HC_HI,63.0,144.0
3,HC_HI,92.0,111.0
3,HC_HI,92.0,111.0
3,HC_HI,97.0,179.0
3,HC_HI,73.0,155.0
3,HC_HI,112.0,189.0
3,HC_HI,92.0,145.0
3,HC_HI,82.0,139.0
3,HC_HI,82.0,115.0
3,HC_HI,82.0,179.0
3,HC_HI,107.0,203.0
3,HC_HI,82.0,178.0
3,HC_HI,73.0,126.0
3,HC_HI,87.0,183.0
3,HC_HI,97.0,184.0
3,HC_HI,87.0,111.0
3,HC_HI,76.0,188.0
3,HC_HI,111.0,233.0
3,HC_HI,97.0,179.0
3,HC_HI,97.0,179.0
3,HC_HI,67.0,160.0
3,HC_HI,107.0,213.0
3,HC_HI,82.0,149.0
3,HC_HI,58.0,120.0
3,HC_HI,86.0,140.0
3,HC_HI,92.0,130.0
3,HC_HI,121.0,183.0
3,HC_HI,116.0,170.0
3,HC_HI,62.0,155.0
3,HC_HI,82.0,159.0
3,HC_HI,73.0,145.0
3,HC_HI,57.0,130.0
3,HC_HI,77.0,155.0
3,HC_HI,78.0,193.0
3,HC_HI,97.0,164.0
3,HC_HI,82.0,150.0
3,HC_HI,92.0,204.0
3,HC_HI,106.0,193.0
3,HC_HI,122.0,194.0
3,HC_HI,53.0,106.0
3,HC_HI,78.0,135.0
3,HC_HI,112.0,193.0
3,HC_HI,78.0,150.0
3,HC_HI,106.0,218.0
3,HC_HI,87.0,194.0
3,HC_HI,72.0,144.0
3,HC_HI,92.0,184.0
3,HC_HI,82.0,179.0
3,HC_HI,131.0,203.0
3,HC_HI,72.0,119.0
3,HC_HI,72.0,125.0
3,HC_HI,77.0,154.0
3,HC_HI,82.0,179.0
3,HC_HI,87.0,101.0
3,HC_HI,106.0,228.0
3,HC_HI,73.0,144.0
3,HC_HI,87.0,179.0
3,HC_HI,92.0,204.0
3,HC_HI,82.0,135.0
3,HC_HI,97.0,179.0
3,HC_HI,72.0,144.0
3,HC_HI,77.0,97.0
3,HC_HI,87.0,188.0
3,HC_HI,141.0,204.0
3,HC_HI,97.0,144.0
3,HC_HI,71.0,159.0
3,HC_HI,87.0,164.0
3,HC_HI,87.0,170.0
3,HC_HI,97.0,174.0
3,HC_HI,92.0,139.0
3,HC_HI,82.0,169.0
3,HC_HI,97.0,174.0
3,HC_HI,82.0,168.0
3,HC_HI,77.0,154.0
3,HC_HI,77.0,121.0
3,HC_HI,92.0,154.0
3,HC_HI,72.0,115.0
3,HC_HI,96.0,208.0
3,HC_HI,72.0,139.0
3,HC_HI,92.0,193.0
3,HC_HI,43.0,92.0
3,HC_HI,81.0,125.0
3,HC_HI,106.0,218.0
3,HC_HI,58.0,154.0
3,HC_HI,92.0,179.0
3,HC_HI,82.0,178.0
3,HC_HI,77.0,145.0
3,HC_HI,87.0,178.0
3,HC_HI,82.0,149.0
3,HC_HI,58.0,105.0
3,HC_HI,116.0,174.0
3,HC_HI,102.0,178.0
3,HC_HI,72.0,130.0
3,HC_HI,112.0,174.0
3,HC_HI,82.0,135.0
3,HC_HI,82.0,135.0
3,HC_HI,62.0,111.0
3,HC_HI,131.0,175.0
3,HC_HI,62.0,164.0
3,HC_HI,72.0,139.0
3,HC_HI,62.0,140.0
3,HC_HI,82.0,124.0
3,HC_HI,78.0,183.0
3,HC_HI,141.0,223.0
3,HC_HI,72.0,160.0
3,HC_HI,77.0,150.0
3,HC_HI,53.0,106.0
3,HC_HI,106.0,179.0
3,HC_HI,77.0,145.0
3,HC_HI,92.0,145.0
3,HC_HI,63.0,125.0
3,HC_HI,86.0,188.0
3,HC_HI,97.0,165.0
3,HC_HI,82.0,154.0
3,HC_HI,63.0,135.0
3,HC_HI,82.0,169.0
3,HC_HI,91.0,173.0
3,HC_HI,92.0,208.0
3,HC_HI,87.0,184.0
3,HC_HI,97.0,179.0
3,HC_HI,92.0,159.0
3,HC_HI,111.0,218.0
3,HC_HI,63.0,164.0
3,HC_HI,92.0,139.0
3,HC_HI,67.0,139.0
3,HC_HI,77.0,159.0
3,HC_HI,82.0,164.0
3,HC_HI,92.0,183.0
3,HC_HI,67.0,139.0
3,HC_HI,96.0,168.0
3,HC_HI,53.0,140.0
3,HC_HI,81.0,153.0
3,HC_HI,72.0,169.0
3,HC_HI,86.0,198.0
3,HC_HI,57.0,120.0
3,HC_HI,96.0,178.0
3,HC_HI,82.0,213.0
3,HC_HI,97.0,120.0
3,HC_HI,77.0,134.0
3,HC_HI,62.0,164.0
3,HC_HI,78.0,140.0
3,HC_HI,96.0,149.0
3,HC_HI,67.0,115.0
3,HC_HI,67.0,159.0
3,HC_HI,78.0,148.0
3,HC_HI,72.0,115.0
3,HC_HI,106.0,218.0
3,HC_HI,76.0,188.0
3,HC_HI,77.0,159.0
3,HC_HI,97.0,198.0
3,HC_HI,68.0,125.0
3,HC_HI,72.0,115.0
3,HC_HI,92.0,154.0
3,HC_HI,72.0,164.0
3,HC_HI,111.0,178.0
3,HC_HI,53.0,106.0
3,HC_HI,77.0,144.0
3,HC_HI,101.0,223.0
3,HC_HI,82.0,135.0
3,HC_HI,116.0,174.0
3,HC_HI,67.0,149.0
3,HC_HI,62.0,115.0
3,HC_HI,43.0,92.0
3,HC_LI,86.0,168.0
3,HC_LI,92.0,130.0
3,HC_LI,66.0,150.0
3,HC_LI,97.0,203.0
3,HC_LI,91.0,174.0
3,HC_LI,82.0,169.0
3,HC_LI,77.0,125.0
3,HC_LI,82.0,134.0
3,HC_LI,78.0,165.0
3,HC_LI,78.0,155.0
3,HC_LI,87.0,174.0
3,HC_LI,72.0,164.0
3,HC_LI,82.0,164.0
3,HC_LI,77.0,158.0
3,HC_LI,112.0,164.0
3,HC_LI,76.0,143.0
3,HC_LI,82.0,178.0
3,HC_LI,106.0,188.0
3,HC_LI,82.0,118.0
3,HC_LI,92.0,111.0
3,HC_LI,77.0,169.0
3,HC_LI,97.0,184.0
3,HC_LI,111.0,169.0
3,HC_LI,106.0,179.0
3,HC_LI,86.0,158.0
3,HC_LI,92.0,198.0
3,HC_LI,122.0,218.0
3,HC_LI,92.0,149.0
3,HC_LI,122.0,218.0
3,HC_LI,87.0,208.0
3,HC_LI,92.0,101.0
3,HC_LI,87.0,126.0
3,HC_LI,87.0,174.0
3,HC_LI,82.0,150.0
3,HC_LI,86.0,168.0
3,HC_LI,77.0,130.0
3,HC_LI,76.0,140.0
3,HC_LI,72.0,173.0
3,HC_LI,101.0,198.0
3,HC_LI,116.0,223.0
3,HC_LI,81.0,125.0
3,HC_LI,97.0,135.0
3,HC_LI,87.0,178.0
3,HC_LI,107.0,154.0
3,HC_LI,112.0,164.0
3,HC_LI,116.0,159.0
3,HC_LI,87.0,160.0
3,HC_LI,107.0,179.0
3,HC_LI,76.0,140.0
3,HC_LI,87.0,160.0
3,HC_LI,111.0,208.0
3,HC_LI,77.0,119.0
3,HC_LI,87.0,194.0
3,HC_LI,76.0,140.0
3,HC_LI,97.0,145.0
3,HC_LI,97.0,158.0
3,HC_LI,92.0,120.0
3,HC_LI,87.0,169.0
3,HC_LI,92.0,101.0
3,HC_LI,92.0,130.0
3,HC_LI,87.0,160.0
3,HC_LI,68.0,119.0
3,HC_LI,92.0,164.0
3,HC_LI,112.0,193.0
3,HC_LI,81.0,125.0
3,HC_LI,101.0,153.0
3,HC_LI,68.0,165.0
3,HC_LI,86.0,158.0
3,HC_LI,87.0,143.0
3,HC_LI,111.0,149.0
3,HC_LI,72.0,130.0
3,HC_LI,82.0,135.0
3,HC_LI,78.0,179.0
3,HC_LI,82.0,139.0
3,HC_LI,63.0,145.0
3,HC_LI,92.0,173.0
3,HC_LI,72.0,168.0
3,HC_LI,92.0,160.0
3,HC_LI,107.0,189.0
3,HC_LI,77.0,154.0
3,HC_LI,73.0,179.0
3,HC_LI,87.0,139.0
3,HC_LI,87.0,130.0
3,HC_LI,87.0,150.0
3,HC_LI,116.0,159.0
3,HC_LI,71.0,148.0
3,HC_LI,82.0,150.0
3,HC_LI,87.0,174.0
3,HC_LI,92.0,194.0
3,HC_LI,77.0,154.0
3,HC_LI,78.0,165.0
3,HC_LI,91.0,188.0
3,HC_LI,112.0,223.0
3,HC_LI,97.0,179.0
3,HC_LI,102.0,130.0
3,HC_LI,82.0,154.0
3,HC_LI,77.0,139.0
3,HC_LI,82.0,158.0
3,HC_LI,82.0,169.0
3,HC_LI,92.0,223.0
3,HC_LI,72.0,173.0
3,HC_LI,87.0,179.0
3,HC_LI,87.0,179.0
3,HC_LI,112.0,193.0
3,HC_LI,73.0,179.0
3,HC_LI,77.0,139.0
3,HC_LI,102.0,154.0
3,HC_LI,97.0,203.0
3,HC_LI,66.0,153.0
3,HC_LI,87.0,194.0
3,HC_LI,68.0,119.0
3,HC_LI,91.0,198.0
3,HC_LI,87.0,134.0
3,HC_LI,78.0,178.0
3,HC_LI,101.0,153.0
3,HC_LI,97.0,158.0
3,HC_LI,92.0,129.0
3,HC_LI,77.0,169.0
3,HC_LI,106.0,150.0
3,HC_LI,87.0,193.0
3,HC_LI,62.0,144.0
3,HC_LI,87.0,174.0
3,HC_LI,78.0,179.0
3,HC_LI,73.0,145.0
3,HC_LI,92.0,189.0
3,HC_LI,87.0,169.0
3,HC_LI,82.0,199.0
3,HC_LI,96.0,223.0
3,HC_LI,96.0,158.0
3,HC_LI,87.0,183.0
3,HC_LI,92.0,164.0
3,HC_LI,87.0,159.0
3,HC_LI,101.0,153.0
3,HC_LI,87.0,179.0
3,HC_LI,76.0,203.0
3,HC_LI,96.0,154.0
3,HC_LI,82.0,111.0
3,HC_LI,76.0,129.0
3,HC_LI,82.0,134.0
3,HC_LI,96.0,178.0
3,HC_LI,107.0,208.0
3,HC_LI,97.0,184.0
3,HC_LI,73.0,145.0
3,HC_LI,92.0,198.0
3,HC_LI,87.0,126.0
3,HC_LI,92.0,178.0
3,HC_LI,91.0,183.0
3,HC_LI,107.0,193.0
3,HC_LI,82.0,135.0
3,HC_LI,77.0,183.0
3,HC_LI,106.0,140.0
3,HC_LI,82.0,134.0
3,HC_LI,82.0,150.0
3,HC_LI,87.0,183.0
3,HC_LI,96.0,174.0
3,HC_LI,111.0,149.0
3,HC_LI,92.0,173.0
3,HC_LI,82.0,158.0
3,HC_LI,87.0,194.0
3,HC_LI,68.0,119.0
3,HC_LI,87.0,155.0
3,HC_LI,92.0,194.0
3,HC_LI,77.0,179.0
3,HC_LI,82.0,169.0
3,HC_LI,77.0,169.0
3,HC_LI,92.0,144.0
3,HC_LI,76.0,203.0
3,HC_LI,82.0,179.0
3,HC_LI,97.0,174.0
3,HC_LI,81.0,193.0
3,HC_LI,97.0,135.0
3,HC_LI,77.0,130.0
3,HC_LI,92.0,148.0
3,HC_LI,97.0,169.0
3,HC_LI,73.0,126.0
3,HC_LI,73.0,164.0
3,HC_LI,72.0,168.0
3,HC_LI,92.0,150.0
3,HC_LI,82.0,173.0
3,HC_LI,81.0,193.0
3,HC_LI,77.0,174.0
3,HC_LI,87.0,208.0
3,HC_LI,73.0,126.0
3,HC_LI,72.0,173.0
3,HC_LI,82.0,199.0
3,HC_LI,76.0,203.0
3,HC_LI,106.0,164.0
3,HC_LI,87.0,163.0
3,HC_LI,106.0,178.0
3,HC_LI,92.0,145.0
3,HC_LI,76.0,140.0
3,HC_LI,87.0,158.0
3,HC_LI,72.0,154.0
3,HC_LI,77.0,164.0
3,HC_LI,87.0,174.0
3,HC_LI,96.0,159.0
3,HC_LI,96.0,223.0
3,HC_LI,92.0,130.0
3,HC_LI,77.0,134.0
3,HC_LI,76.0,183.0
3,LC_HI,97.0,179.0
3,LC_HI,106.0,203.0
3,LC_HI,92.0,193.0
3,LC_HI,82.0,150.0
3,LC_HI,91.0,178.0
3,LC_HI,63.0,135.0
3,LC_HI,97.0,107.0
3,LC_HI,97.0,115.0
3,LC_HI,63.0,126.0
3,LC_HI,97.0,139.0
3,LC_HI,78.0,149.0
3,LC_HI,67.0,155.0
3,LC_HI,73.0,169.0
3,LC_HI,43.0,110.0
3,LC_HI,82.0,126.0
3,LC_HI,77.0,135.0
3,LC_HI,82.0,154.0
3,LC_HI,92.0,105.0
3,LC_HI,87.0,134.0
3,LC_HI,111.0,144.0
3,LC_HI,92.0,150.0
3,LC_HI,87.0,155.0
3,LC_HI,97.0,115.0
3,LC_HI,78.0,141.0
3,LC_HI,77.0,121.0
3,LC_HI,66.0,133.0
3,LC_HI,106.0,218.0
3,LC_HI,107.0,154.0
3,LC_HI,87.0,189.0
3,LC_HI,97.0,135.0
3,LC_HI,92.0,116.0
3,LC_HI,91.0,199.0
3,LC_HI,72.0,149.0
3,LC_HI,73.0,130.0
3,LC_HI,97.0,174.0
3,LC_HI,92.0,228.0
3,LC_HI,78.0,120.0
3,LC_HI,92.0,193.0
3,LC_HI,86.0,174.0
3,LC_HI,87.0,131.0
3,LC_HI,73.0,121.0
3,LC_HI,62.0,121.0
3,LC_HI,82.0,135.0
3,LC_HI,82.0,160.0
3,LC_HI,78.0,106.0
3,LC_HI,53.0,77.0
3,LC_HI,87.0,124.0
3,LC_HI,96.0,164.0
3,LC_HI,53.0,63.0
3,LC_HI,91.0,145.0
3,LC_HI,92.0,130.0
3,LC_HI,72.0,131.0
3,LC_HI,91.0,144.0
3,LC_HI,87.0,160.0
3,LC_HI,92.0,145.0
3,LC_HI,86.0,217.0
3,LC_HI,92.0,155.0
3,LC_HI,102.0,145.0
3,LC_HI,91.0,145.0
3,LC_HI,116.0,126.0
3,LC_HI,91.0,178.0
3,LC_HI,77.0,121.0
3,LC_HI,106.0,217.0
3,LC_HI,86.0,183.0
3,LC_HI,136.0,208.0
3,LC_HI,63.0,131.0
3,LC_HI,62.0,150.0
3,LC_HI,82.0,126.0
3,LC_HI,97.0,169.0
3,LC_HI,72.0,120.0
3,LC_HI,82.0,194.0
3,LC_HI,77.0,135.0
3,LC_HI,87.0,165.0
3,LC_HI,121.0,188.0
3,LC_HI,97.0,189.0
3,LC_HI,91.0,168.0
3,LC_HI,92.0,144.0
3,LC_HI,63.0,150.0
3,LC_HI,92.0,145.0
3,LC_HI,78.0,141.0
3,LC_HI,111.0,183.0
3,LC_HI,82.0,194.0
3,LC_HI,102.0,155.0
3,LC_HI,78.0,189.0
3,LC_HI,96.0,135.0
3,LC_HI,106.0,173.0
3,LC_HI,82.0,140.0
3,LC_HI,112.0,193.0
3,LC_HI,78.0,116.0
3,LC_HI,78.0,140.0
3,LC_HI,87.0,116.0
3,LC_HI,53.0,120.0
3,LC_HI,87.0,126.0
3,LC_HI,92.0,169.0
3,LC_HI,71.0,174.0
3,LC_HI,87.0,150.0
3,LC_HI,78.0,131.0
3,LC_HI,77.0,116.0
3,LC_HI,82.0,115.0
3,LC_HI,97.0,131.0
3,LC_HI,106.0,189.0
3,LC_HI,111.0,203.0
3,LC_HI,77.0,115.0
3,LC_HI,102.0,125.0
3,LC_HI,67.0,135.0
3,LC_HI,107.0,174.0
3,LC_HI,116.0,164.0
3,LC_HI,82.0,115.0
3,LC_HI,87.0,199.0
3,LC_HI,92.0,184.0
3,LC_HI,111.0,145.0
3,LC_HI,68.0,97.0
3,LC_HI,82.0,150.0
3,LC_HI,101.0,110.0
3,LC_HI,97.0,194.0
3,LC_HI,72.0,145.0
3,LC_HI,78.0,150.0
3,LC_HI,72.0,145.0
3,LC_HI,111.0,174.0
3,LC_HI,87.0,179.0
3,LC_HI,86.0,217.0
3,LC_HI,96.0,188.0
3,LC_HI,97.0,131.0
3,LC_HI,92.0,180.0
3,LC_HI,116.0,164.0
3,LC_HI,92.0,121.0
3,LC_HI,92.0,170.0
3,LC_HI,92.0,155.0
3,LC_HI,101.0,218.0
3,LC_HI,78.0,154.0
3,LC_HI,82.0,149.0
3,LC_HI,87.0,120.0
3,LC_HI,82.0,125.0
3,LC_HI,77.0,126.0
3,LC_HI,73.0,180.0
3,LC_HI,77.0,154.0
3,LC_HI,87.0,203.0
3,LC_HI,107.0,169.0
3,LC_HI,96.0,173.0
3,LC_HI,101.0,193.0
3,LC_HI,97.0,115.0
3,LC_HI,81.0,158.0
3,LC_HI,66.0,133.0
3,LC_HI,112.0,183.0
3,LC_HI,87.0,116.0
3,LC_HI,97.0,184.0
3,LC_HI,82.0,135.0
3,LC_HI,102.0,155.0
3,LC_HI,82.0,160.0
3,LC_HI,136.0,208.0
3,LC_HI,82.0,159.0
3,LC_HI,106.0,173.0
3,LC_HI,77.0,126.0
3,LC_HI,101.0,178.0
3,LC_HI,72.0,110.0
3,LC_HI,62.0,130.0
3,LC_HI,82.0,164.0
3,LC_HI,97.0,208.0
3,LC_HI,107.0,174.0
3,LC_HI,87.0,209.0
3,LC_HI,62.0,130.0
3,LC_HI,91.0,144.0
3,LC_HI,97.0,194.0
3,LC_HI,58.0,126.0
3,LC_HI,91.0,199.0
3,LC_HI,92.0,154.0
3,LC_HI,92.0,155.0
3,LC_HI,82.0,145.0
3,LC_HI,106.0,198.0
3,LC_HI,92.0,145.0
3,LC_HI,82.0,92.0
3,LC_HI,71.0,115.0
3,LC_HI,77.0,135.0
3,LC_HI,111.0,208.0
3,LC_HI,78.0,116.0
3,LC_HI,81.0,140.0
3,LC_HI,86.0,179.0
3,LC_HI,111.0,203.0
3,LC_HI,97.0,155.0
3,LC_HI,101.0,163.0
3,LC_HI,82.0,150.0
3,LC_HI,78.0,140.0
3,LC_HI,77.0,135.0
3,LC_HI,87.0,126.0
3,LC_HI,97.0,174.0
3,LC_HI,86.0,174.0
3,LC_HI,82.0,149.0
3,LC_HI,92.0,189.0
3,LC_HI,91.0,144.0
3,LC_HI,82.0,159.0
3,LC_HI,96.0,203.0
3,LC_HI,87.0,160.0
3,LC_HI,87.0,150.0
3,LC_HI,92.0,169.0
3,LC_HI,92.0,169.0
3,LC_HI,62.0,131.0
3,LC_HI,97.0,165.0
3,LC_HI,97.0,175.0
3,LC_HI,92.0,164.0
3,LC_HI,92.0,188.0
3,LC_LI,92.0,156.0
3,LC_LI,97.0,165.0
3,LC_LI,97.0,184.0
3,LC_LI,87.0,125.0
3,LC_LI,72.0,110.0
3,LC_LI,82.0,158.0
3,LC_LI,92.0,183.0
3,LC_LI,81.0,169.0
3,LC_LI,97.0,165.0
3,LC_LI,82.0,149.0
3,LC_LI,77.0,149.0
3,LC_LI,82.0,155.0
3,LC_LI,82.0,130.0
3,LC_LI,87.0,170.0
3,LC_LI,106.0,179.0
3,LC_LI,78.0,107.0
3,LC_LI,92.0,121.0
3,LC_LI,92.0,145.0
3,LC_LI,116.0,154.0
3,LC_LI,87.0,130.0
3,LC_LI,106.0,213.0
3,LC_LI,97.0,140.0
3,LC_LI,122.0,116.0
3,LC_LI,102.0,227.0
3,LC_LI,92.0,214.0
3,LC_LI,96.0,144.0
3,LC_LI,92.0,129.0
3,LC_LI,97.0,213.0
3,LC_LI,122.0,116.0
3,LC_LI,106.0,179.0
3,LC_LI,97.0,194.0
3,LC_LI,77.0,115.0
3,LC_LI,116.0,130.0
3,LC_LI,82.0,120.0
3,LC_LI,92.0,116.0
3,LC_LI,92.0,145.0
3,LC_LI,77.0,168.0
3,LC_LI,78.0,159.0
3,LC_LI,92.0,144.0
3,LC_LI,112.0,120.0
3,LC_LI,92.0,145.0
3,LC_LI,77.0,130.0
3,LC_LI,87.0,170.0
3,LC_LI,102.0,145.0
3,LC_LI,97.0,169.0
3,LC_LI,96.0,144.0
3,LC_LI,97.0,184.0
3,LC_LI,106.0,179.0
3,LC_LI,63.0,115.0
3,LC_LI,78.0,125.0
3,LC_LI,107.0,131.0
3,LC_LI,77.0,168.0
3,LC_LI,78.0,107.0
3,LC_LI,78.0,164.0
3,LC_LI,111.0,163.0
3,LC_LI,111.0,139.0
3,LC_LI,73.0,145.0
3,LC_LI,97.0,150.0
3,LC_LI,73.0,164.0
3,LC_LI,116.0,130.0
3,LC_LI,78.0,101.0
3,LC_LI,106.0,179.0
3,LC_LI,106.0,159.0
3,LC_LI,97.0,130.0
3,LC_LI,67.0,169.0
3,LC_LI,82.0,135.0
3,LC_LI,73.0,106.0
3,LC_LI,78.0,173.0
3,LC_LI,97.0,169.0
3,LC_LI,82.0,130.0
3,LC_LI,87.0,155.0
3,LC_LI,106.0,213.0
3,LC_LI,82.0,155.0
3,LC_LI,78.0,159.0
3,LC_LI,82.0,149.0
3,LC_LI,92.0,129.0
3,LC_LI,63.0,115.0
3,LC_LI,87.0,204.0
3,LC_LI,92.0,116.0
3,LC_LI,76.0,169.0
3,LC_LI,87.0,140.0
3,LC_LI,73.0,126.0
3,LC_LI,87.0,198.0
3,LC_LI,106.0,179.0
3,LC_LI,97.0,185.0
3,LC_LI,106.0,179.0
3,LC_LI,92.0,178.0
3,LC_LI,82.0,135.0
3,LC_LI,102.0,227.0
3,LC_LI,78.0,101.0
3,LC_LI,117.0,174.0
3,LC_LI,97.0,154.0
3,LC_LI,87.0,155.0
3,LC_LI,78.0,101.0
3,LC_LI,78.0,160.0
3,LC_LI,116.0,178.0
3,LC_LI,87.0,198.0
3,LC_LI,92.0,189.0
3,LC_LI,82.0,141.0
3,LC_LI,97.0,165.0
3,LC_LI,116.0,154.0
3,LC_LI,82.0,125.0
3,LC_LI,112.0,120.0
3,LC_LI,106.0,179.0
3,LC_LI,77.0,149.0
3,LC_LI,92.0,199.0
3,LC_LI,82.0,188.0
3,LC_LI,78.0,164.0
3,LC_LI,73.0,164.0
3,LC_LI,97.0,214.0
3,LC_LI,82.0,155.0
3,LC_LI,97.0,185.0
3,LC_LI,87.0,174.0
3,LC_LI,111.0,188.0
3,LC_LI,82.0,120.0
3,LC_LI,77.0,141.0
3,LC_LI,82.0,130.0
3,LC_LI,116.0,158.0
3,LC_LI,106.0,179.0
3,LC_LI,97.0,164.0
3,LC_LI,116.0,158.0
3,LC_LI,81.0,203.0
3,LC_LI,116.0,154.0
3,LC_LI,97.0,164.0
3,LC_LI,63.0,115.0
3,LC_LI,97.0,213.0
3,LC_LI,92.0,129.0
3,LC_LI,77.0,139.0
3,LC_LI,78.0,160.0
3,LC_LI,106.0,154.0
3,LC_LI,102.0,112.0
3,LC_LI,77.0,129.0
3,LC_LI,97.0,165.0
3,LC_LI,97.0,188.0
3,LC_LI,97.0,194.0
3,LC_LI,81.0,169.0
3,LC_LI,92.0,154.0
3,LC_LI,87.0,204.0
3,LC_LI,87.0,141.0
3,LC_LI,112.0,145.0
3,LC_LI,97.0,140.0
3,LC_LI,67.0,139.0
3,LC_LI,92.0,214.0
3,LC_LI,97.0,140.0
3,LC_LI,73.0,154.0
3,LC_LI,92.0,140.0
3,LC_LI,78.0,169.0
3,LC_LI,82.0,135.0
3,LC_LI,82.0,116.0
3,LC_LI,77.0,149.0
3,LC_LI,111.0,169.0
3,LC_LI,82.0,193.0
3,LC_LI,97.0,169.0
3,LC_LI,102.0,145.0
3,LC_LI,121.0,130.0
3,LC_LI,92.0,164.0
3,LC_LI,78.0,131.0
3,LC_LI,78.0,148.0
3,LC_LI,92.0,169.0
3,LC_LI,102.0,145.0
3,LC_LI,87.0,140.0
3,LC_LI,102.0,145.0
3,LC_LI,116.0,130.0
3,LC_LI,112.0,145.0
3,LC_LI,92.0,198.0
3,LC_LI,78.0,160.0
3,LC_LI,111.0,179.0
3,LC_LI,78.0,160.0
3,LC_LI,97.0,185.0
3,LC_LI,86.0,115.0
3,LC_LI,78.0,144.0
3,LC_LI,92.0,180.0
3,LC_LI,73.0,140.0
3,LC_LI,87.0,121.0
3,LC_LI,73.0,106.0
3,LC_LI,77.0,154.0
3,LC_LI,106.0,213.0
3,LC_LI,102.0,155.0
3,LC_LI,77.0,149.0
3,LC_LI,78.0,107.0
3,LC_LI,92.0,146.0
3,LC_LI,97.0,150.0
3,LC_LI,91.0,164.0
3,LC_LI,97.0,184.0
3,LC_LI,78.0,125.0
3,LC_LI,82.0,154.0
3,LC_LI,97.0,180.0
3,LC_LI,102.0,227.0
3,LC_LI,77.0,145.0
3,LC_LI,78.0,160.0
3,LC_LI,97.0,169.0
3,LC_LI,92.0,146.0
3,LC_LI,78.0,120.0
3,LC_LI,92.0,199.0
3,LC_LI,82.0,158.0
3,LC_LI,97.0,169.0
3,LC_LI,111.0,188.0
3,LC_LI,77.0,149.0
3,LC_LI,92.0,214.0
3,LC_LI,67.0,140.0
4,random,78.0,120.0
4,random,92.0,233.0
4,random,92.0,145.0
4,random,78.0,199.0
4,random,78.0,97.0
4,random,77.0,188.0
4,random,87.0,188.0
4,random,67.0,153.0
4,random,68.0,125.0
4,random,58.0,125.0
4,random,73.0,125.0
4,random,87.0,189.0
4,random,53.0,111.0
4,random,73.0,121.0
4,random,68.0,179.0
4,random,92.0,194.0
4,random,53.0,144.0
4,random,57.0,165.0
4,random,73.0,169.0
4,random,58.0,100.0
4,random,73.0,144.0
4,random,68.0,131.0
4,random,72.0,178.0
4,random,82.0,188.0
4,random,78.0,155.0
4,random,68.0,214.0
4,random,68.0,174.0
4,random,78.0,158.0
4,random,87.0,188.0
4,random,78.0,179.0
4,random,63.0,125.0
4,random,63.0,150.0
4,random,78.0,116.0
4,random,73.0,110.0
4,random,58.0,130.0
4,random,97.0,248.0
4,random,73.0,106.0
4,random,73.0,189.0
4,random,63.0,198.0
4,random,63.0,116.0
4,random,63.0,154.0
4,random,87.0,169.0
4,random,78.0,140.0
4,random,78.0,174.0
4,random,63.0,130.0
4,random,78.0,164.0
4,random,78.0,116.0
4,random,53.0,129.0
4,random,63.0,134.0
4,random,82.0,173.0
4,random,68.0,169.0
4,random,78.0,120.0
4,random,92.0,168.0
4,random,97.0,169.0
4,random,87.0,193.0
4,random,73.0,144.0
4,random,62.0,149.0
4,random,72.0,184.0
4,random,73.0,126.0
4,random,63.0,149.0
4,random,68.0,111.0
4,random,82.0,148.0
4,random,48.0,145.0
4,random,67.0,179.0
4,random,87.0,224.0
4,random,68.0,160.0
4,random,53.0,111.0
4,random,73.0,169.0
4,random,72.0,129.0
4,random,78.0,149.0
4,random,58.0,155.0
4,random,77.0,163.0
4,random,67.0,119.0
4,random,78.0,145.0
4,random,78.0,131.0
4,random,72.0,198.0
4,random,58.0,135.0
4,random,53.0,106.0
4,random,78.0,97.0
4,random,78.0,153.0
4,random,73.0,130.0
4,random,87.0,170.0
4,random,78.0,214.0
4,random,78.0,159.0
4,random,78.0,164.0
4,random,73.0,169.0
4,random,78.0,150.0
4,random,67.0,110.0
4,random,58.0,101.0
4,random,78.0,169.0
4,random,73.0,115.0
4,random,68.0,154.0
4,random,87.0,208.0
4,random,78.0,140.0
4,random,63.0,170.0
4,random,73.0,169.0
4,random,67.0,119.0
4,random,102.0,213.0
4,random,78.0,180.0
4,random,58.0,149.0
4,random,62.0,173.0
4,random,92.0,198.0
4,random,57.0,144.0
4,random,78.0,160.0
4,random,68.0,169.0
4,random,63.0,87.0
4,random,78.0,111.0
4,random,53.0,125.0
4,random,92.0,198.0
4,random,92.0,248.0
4,random,58.0,116.0
4,random,67.0,110.0
4,random,102.0,233.0
4,random,57.0,168.0
4,random,87.0,178.0
4,random,87.0,145.0
4,random,68.0,193.0
4,random,58.0,96.0
4,random,63.0,175.0
4,random,63.0,115.0
4,random,67.0,159.0
4,random,57.0,173.0
4,random,62.0,160.0
4,random,63.0,174.0
4,random,78.0,140.0
4,random,92.0,164.0
4,random,68.0,144.0
4,random,78.0,168.0
4,random,53.0,149.0
4,random,48.0,144.0
4,random,78.0,97.0
4,random,77.0,178.0
4,random,78.0,139.0
4,random,63.0,145.0
4,random,92.0,150.0
4,random,87.0,174.0
4,random,63.0,174.0
4,random,58.0,120.0
4,random,82.0,145.0
4,random,73.0,134.0
4,random,97.0,194.0
4,random,78.0,116.0
4,random,78.0,218.0
4,random,57.0,125.0
4,random,73.0,174.0
4,random,82.0,189.0
4,random,73.0,129.0
4,random,58.0,95.0
4,random,58.0,139.0
4,random,58.0,155.0
4,random,78.0,165.0
4,random,58.0,126.0
4,random,77.0,154.0
4,random,67.0,139.0
4,random,77.0,198.0
4,random,77.0,144.0
4,random,58.0,125.0
4,random,87.0,169.0
4,random,73.0,198.0
4,random,92.0,155.0
4,random,78.0,135.0
4,random,78.0,107.0
4,random,87.0,194.0
4,random,77.0,174.0
4,random,87.0,218.0
4,random,68.0,183.0
4,random,78.0,130.0
4,random,73.0,126.0
4,random,77.0,174.0
4,random,68.0,170.0
4,random,82.0,179.0
4,random,53.0,120.0
4,random,62.0,173.0
4,random,77.0,204.0
4,random,78.0,164.0
4,random,77.0,130.0
4,random,63.0,124.0
4,random,73.0,175.0
4,random,53.0,140.0
4,random,67.0,159.0
4,random,58.0,114.0
4,random,82.0,144.0
4,random,92.0,183.0
4,random,67.0,153.0
4,random,73.0,155.0
4,random,87.0,120.0
4,random,58.0,139.0
4,random,77.0,135.0
4,random,63.0,125.0
4,random,58.0,150.0
4,random,73.0,199.0
4,random,53.0,135.0
4,random,73.0,145.0
4,random,78.0,145.0
4,random,87.0,188.0
4,random,67.0,178.0
4,random,82.0,154.0
4,random,63.0,178.0
4,random,87.0,203.0
4,random,72.0,223.0
4,HC_HI,77.0,120.0
4,HC_HI,53.0,106.0
4,HC_HI,78.0,149.0
4,HC_HI,68.0,144.0
4,HC_HI,58.0,135.0
4,HC_HI,53.0,116.0
4,HC_HI,63.0,155.0
4,HC_HI,78.0,194.0
4,HC_HI,63.0,164.0
4,HC_HI,62.0,188.0
4,HC_HI,63.0,188.0
4,HC_HI,78.0,194.0
4,HC_HI,53.0,149.0
4,HC_HI,78.0,145.0
4,HC_HI,72.0,148.0
4,HC_HI,68.0,145.0
4,HC_HI,77.0,154.0
4,HC_HI,62.0,160.0
4,HC_HI,58.0,149.0
4,HC_HI,68.0,150.0
4,HC_HI,63.0,179.0
4,HC_HI,53.0,159.0
4,HC_HI,58.0,115.0
4,HC_HI,53.0,140.0
4,HC_HI,72.0,138.0
4,HC_HI,58.0,120.0
4,HC_HI,63.0,135.0
4,HC_HI,58.0,120.0
4,HC_HI,92.0,175.0
4,HC_HI,68.0,193.0
4,HC_HI,62.0,169.0
4,HC_HI,72.0,143.0
4,HC_HI,68.0,149.0
4,HC_HI,87.0,174.0
4,HC_HI,53.0,139.0
4,HC_HI,73.0,140.0
4,HC_HI,82.0,169.0
4,HC_HI,97.0,204.0
4,HC_HI,68.0,174.0
4,HC_HI,48.0,129.0
4,HC_HI,58.0,130.0
4,HC_HI,62.0,159.0
4,HC_HI,78.0,148.0
4,HC_HI,78.0,199.0
4,HC_HI,57.0,149.0
4,HC_HI,53.0,139.0
4,HC_HI,77.0,193.0
4,HC_HI,92.0,224.0
4,HC_HI,73.0,144.0
4,HC_HI,73.0,144.0
4,HC_HI,82.0,203.0
4,HC_HI,82.0,183.0
4,HC_HI,63.0,139.0
4,HC_HI,53.0,164.0
4,HC_HI,73.0,184.0
4,HC_HI,67.0,153.0
4,HC_HI,57.0,140.0
4,HC_HI,87.0,173.0
4,HC_HI,53.0,149.0
4,HC_HI,73.0,179.0
4,HC_HI,53.0,106.0
4,HC_HI,73.0,189.0
4,HC_HI,68.0,144.0
4,HC_HI,78.0,179.0
4,HC_HI,53.0,159.0
4,HC_HI,78.0,140.0
4,HC_HI,82.0,153.0
4,HC_HI,58.0,145.0
4,HC_HI,53.0,164.0
4,HC_HI,77.0,169.0
4,HC_HI,78.0,165.0
4,HC_HI,68.0,145.0
4,HC_HI,92.0,223.0
4,HC_HI,63.0,164.0
4,HC_HI,68.0,164.0
4,HC_HI,78.0,145.0
4,HC_HI,78.0,174.0
4,HC_HI,58.0,129.0
4,HC_HI,78.0,149.0
4,HC_HI,78.0,130.0
4,HC_HI,67.0,150.0
4,HC_HI,78.0,159.0
4,HC_HI,58.0,149.0
4,HC_HI,92.0,188.0
4,HC_HI,68.0,125.0
4,HC_HI,78.0,140.0
4,HC_HI,48.0,121.0
4,HC_HI,67.0,153.0
4,HC_HI,73.0,178.0
4,HC_HI,58.0,134.0
4,HC_HI,62.0,134.0
4,HC_HI,73.0,178.0
4,HC_HI,68.0,101.0
4,HC_HI,78.0,145.0
4,HC_HI,58.0,105.0
4,HC_HI,87.0,164.0
4,HC_HI,57.0,149.0
4,HC_HI,57.0,149.0
4,HC_HI,58.0,134.0
4,HC_HI,82.0,218.0
4,HC_HI,53.0,159.0
4,HC_HI,82.0,208.0
4,HC_HI,58.0,120.0
4,HC_HI,62.0,140.0
4,HC_HI,78.0,208.0
4,HC_HI,78.0,145.0
4,HC_HI,78.0,183.0
4,HC_HI,63.0,159.0
4,HC_HI,58.0,170.0
4,HC_HI,58.0,135.0
4,HC_HI,62.0,125.0
4,HC_HI,53.0,154.0
4,HC_HI,67.0,145.0
4,HC_HI,97.0,188.0
4,HC_HI,86.0,179.0
4,HC_HI,63.0,140.0
4,HC_HI,82.0,199.0
4,HC_HI,73.0,178.0
4,HC_HI,72.0,120.0
4,HC_HI,58.0,102.0
4,HC_HI,72.0,111.0
4,HC_HI,58.0,101.0
4,HC_HI,63.0,179.0
4,HC_HI,97.0,175.0
4,HC_HI,72.0,164.0
4,HC_HI,73.0,174.0
4,HC_HI,87.0,218.0
4,HC_HI,82.0,115.0
4,HC_HI,58.0,115.0
4,HC_HI,63.0,135.0
4,HC_HI,87.0,228.0
4,HC_HI,82.0,209.0
4,HC_HI,78.0,193.0
4,HC_HI,78.0,208.0
4,HC_HI,62.0,125.0
4,HC_HI,67.0,139.0
4,HC_HI,68.0,173.0
4,HC_HI,92.0,175.0
4,HC_HI,67.0,150.0
4,HC_HI,58.0,111.0
4,HC_HI,58.0,124.0
4,HC_HI,68.0,144.0
4,HC_HI,68.0,183.0
4,HC_HI,53.0,155.0
4,HC_HI,53.0,125.0
4,HC_HI,58.0,131.0
4,HC_HI,78.0,179.0
4,HC_HI,62.0,160.0
4,HC_HI,63.0,169.0
4,HC_HI,57.0,143.0
4,HC_HI,67.0,184.0
4,HC_HI,73.0,154.0
4,HC_HI,63.0,145.0
4,HC_HI,53.0,116.0
4,HC_HI,68.0,130.0
4,HC_HI,87.0,213.0
4,HC_HI,87.0,178.0
4,HC_HI,63.0,145.0
4,HC_HI,77.0,169.0
4,HC_HI,78.0,120.0
4,HC_HI,78.0,155.0
4,HC_HI,92.0,248.0
4,HC_HI,62.0,179.0
4,HC_HI,72.0,138.0
4,HC_HI,97.0,204.0
4,HC_HI,78.0,194.0
4,HC_HI,63.0,139.0
4,HC_HI,57.0,174.0
4,HC_HI,53.0,106.0
4,HC_HI,58.0,149.0
4,HC_HI,78.0,189.0
4,HC_HI,63.0,121.0
4,HC_HI,77.0,179.0
4,HC_HI,58.0,102.0
4,HC_HI,58.0,135.0
4,HC_HI,72.0,184.0
4,HC_HI,87.0,183.0
4,HC_HI,62.0,160.0
4,HC_HI,63.0,140.0
4,HC_HI,58.0,135.0
4,HC_HI,53.0,106.0
4,HC_HI,58.0,81.0
4,HC_HI,67.0,169.0
4,HC_HI,87.0,194.0
4,HC_HI,78.0,145.0
4,HC_HI,82.0,208.0
4,HC_HI,62.0,154.0
4,HC_HI,73.0,175.0
4,HC_HI,68.0,131.0
4,HC_HI,58.0,145.0
4,HC_HI,73.0,139.0
4,HC_HI,62.0,159.0
4,HC_HI,78.0,149.0
4,HC_HI,63.0,159.0
4,HC_HI,78.0,179.0
4,HC_HI,58.0,184.0
4,HC_HI,58.0,154.0
4,HC_HI,78.0,150.0
4,HC_HI,53.0,121.0
4,HC_HI,87.0,174.0
4,HC_LI,53.0,134.0
4,HC_LI,68.0,140.0
4,HC_LI,63.0,168.0
4,HC_LI,58.0,154.0
4,HC_LI,72.0,159.0
4,HC_LI,78.0,135.0
4,HC_LI,63.0,144.0
4,HC_LI,68.0,134.0
4,HC_LI,58.0,144.0
4,HC_LI,73.0,106.0
4,HC_LI,77.0,184.0
4,HC_LI,67.0,169.0
4,HC_LI,78.0,178.0
4,HC_LI,78.0,159.0
4,HC_LI,57.0,148.0
4,HC_LI,62.0,149.0
4,HC_LI,68.0,169.0
4,HC_LI,92.0,154.0
4,HC_LI,77.0,188.0
4,HC_LI,68.0,160.0
4,HC_LI,92.0,154.0
4,HC_LI,73.0,178.0
4,HC_LI,78.0,194.0
4,HC_LI,78.0,179.0
4,HC_LI,78.0,194.0
4,HC_LI,72.0,189.0
4,HC_LI,78.0,193.0
4,HC_LI,73.0,199.0
4,HC_LI,62.0,149.0
4,HC_LI,72.0,178.0
4,HC_LI,73.0,174.0
4,HC_LI,68.0,178.0
4,HC_LI,78.0,193.0
4,HC_LI,73.0,134.0
4,HC_LI,73.0,134.0
4,HC_LI,77.0,184.0
4,HC_LI,77.0,174.0
4,HC_LI,78.0,153.0
4,HC_LI,82.0,223.0
4,HC_LI,67.0,169.0
4,HC_LI,68.0,111.0
4,HC_LI,63.0,159.0
4,HC_LI,68.0,129.0
4,HC_LI,73.0,163.0
4,HC_LI,68.0,169.0
4,HC_LI,68.0,134.0
4,HC_LI,63.0,154.0
4,HC_LI,68.0,155.0
4,HC_LI,78.0,158.0
4,HC_LI,82.0,208.0
4,HC_LI,63.0,101.0
4,HC_LI,73.0,178.0
4,HC_LI,67.0,163.0
4,HC_LI,73.0,199.0
4,HC_LI,87.0,163.0
4,HC_LI,62.0,203.0
4,HC_LI,87.0,188.0
4,HC_LI,78.0,208.0
4,HC_LI,58.0,148.0
4,HC_LI,82.0,198.0
4,HC_LI,63.0,165.0
4,HC_LI,72.0,155.0
4,HC_LI,67.0,140.0
4,HC_LI,73.0,183.0
4,HC_LI,67.0,169.0
4,HC_LI,57.0,153.0
4,HC_LI,72.0,189.0
4,HC_LI,78.0,208.0
4,HC_LI,68.0,178.0
4,HC_LI,68.0,164.0
4,HC_LI,63.0,144.0
4,HC_LI,63.0,159.0
4,HC_LI,78.0,179.0
4,HC_LI,58.0,144.0
4,HC_LI,63.0,169.0
4,HC_LI,58.0,145.0
4,HC_LI,62.0,154.0
4,HC_LI,82.0,130.0
4,HC_LI,72.0,150.0
4,HC_LI,78.0,164.0
4,HC_LI,73.0,120.0
4,HC_LI,67.0,188.0
4,HC_LI,78.0,178.0
4,HC_LI,68.0,155.0
4,HC_LI,67.0,169.0
4,HC_LI,77.0,154.0
4,HC_LI,68.0,164.0
4,HC_LI,72.0,159.0
4,HC_LI,62.0,173.0
4,HC_LI,87.0,144.0
4,HC_LI,73.0,179.0
4,HC_LI,63.0,134.0
4,HC_LI,78.0,179.0
4,HC_LI,82.0,179.0
4,HC_LI,82.0,184.0
4,HC_LI,77.0,183.0
4,HC_LI,73.0,111.0
4,HC_LI,72.0,223.0
4,HC_LI,82.0,158.0
4,HC_LI,53.0,134.0
4,HC_LI,62.0,125.0
4,HC_LI,73.0,145.0
4,HC_LI,73.0,179.0
4,HC_LI,63.0,144.0
4,HC_LI,57.0,153.0
4,HC_LI,58.0,150.0
4,HC_LI,87.0,188.0
4,HC_LI,73.0,130.0
4,HC_LI,63.0,101.0
4,HC_LI,62.0,119.0
4,HC_LI,62.0,173.0
4,HC_LI,72.0,159.0
4,HC_LI,82.0,218.0
4,HC_LI,63.0,144.0
4,HC_LI,78.0,179.0
4,HC_LI,67.0,140.0
4,HC_LI,77.0,175.0
4,HC_LI,68.0,179.0
4,HC_LI,63.0,159.0
4,HC_LI,58.0,154.0
4,HC_LI,78.0,199.0
4,HC_LI,73.0,199.0
4,HC_LI,82.0,184.0
4,HC_LI,82.0,198.0
4,HC_LI,72.0,155.0
4,HC_LI,78.0,208.0
4,HC_LI,82.0,218.0
4,HC_LI,82.0,198.0
4,HC_LI,63.0,118.0
4,HC_LI,78.0,193.0
4,HC_LI,68.0,160.0
4,HC_LI,68.0,145.0
4,HC_LI,82.0,130.0
4,HC_LI,67.0,203.0
4,HC_LI,62.0,154.0
4,HC_LI,72.0,199.0
4,HC_LI,58.0,130.0
4,HC_LI,87.0,163.0
4,HC_LI,62.0,158.0
4,HC_LI,68.0,150.0
4,HC_LI,68.0,164.0
4,HC_LI,82.0,198.0
4,HC_LI,68.0,139.0
4,HC_LI,73.0,155.0
4,HC_LI,73.0,178.0
4,HC_LI,58.0,139.0
4,HC_LI,57.0,148.0
4,HC_LI,73.0,199.0
4,HC_LI,87.0,163.0
4,HC_LI,82.0,218.0
4,HC_LI,62.0,173.0
4,HC_LI,68.0,155.0
4,HC_LI,63.0,154.0
4,HC_LI,68.0,154.0
4,HC_LI,63.0,125.0
4,HC_LI,87.0,159.0
4,HC_LI,73.0,169.0
4,HC_LI,78.0,160.0
4,HC_LI,63.0,169.0
4,HC_LI,73.0,174.0
4,HC_LI,62.0,154.0
4,HC_LI,78.0,125.0
4,HC_LI,72.0,178.0
4,HC_LI,73.0,203.0
4,HC_LI,68.0,101.0
4,HC_LI,78.0,143.0
4,HC_LI,87.0,168.0
4,HC_LI,82.0,218.0
4,HC_LI,78.0,193.0
4,HC_LI,63.0,144.0
4,HC_LI,67.0,203.0
4,HC_LI,78.0,179.0
4,HC_LI,72.0,154.0
4,HC_LI,62.0,173.0
4,HC_LI,62.0,119.0
4,HC_LI,72.0,154.0
4,HC_LI,73.0,169.0
4,HC_LI,67.0,169.0
4,HC_LI,62.0,135.0
4,HC_LI,58.0,183.0
4,HC_LI,63.0,135.0
4,HC_LI,68.0,150.0
4,HC_LI,78.0,169.0
4,HC_LI,92.0,223.0
4,HC_LI,78.0,194.0
4,HC_LI,78.0,188.0
4,HC_LI,73.0,164.0
4,HC_LI,68.0,101.0
4,HC_LI,68.0,150.0
4,HC_LI,68.0,174.0
4,HC_LI,78.0,208.0
4,HC_LI,68.0,111.0
4,HC_LI,87.0,179.0
4,HC_LI,73.0,120.0
4,HC_LI,67.0,169.0
4,HC_LI,87.0,193.0
4,HC_LI,77.0,183.0
4,HC_LI,73.0,173.0
4,HC_LI,73.0,173.0
4,HC_LI,82.0,184.0
4,LC_HI,67.0,149.0
4,LC_HI,73.0,159.0
4,LC_HI,78.0,106.0
4,LC_HI,73.0,96.0
4,LC_HI,78.0,120.0
4,LC_HI,87.0,169.0
4,LC_HI,78.0,199.0
4,LC_HI,63.0,175.0
4,LC_HI,78.0,140.0
4,LC_HI,78.0,135.0
4,LC_HI,58.0,169.0
4,LC_HI,53.0,71.0
4,LC_HI,97.0,189.0
4,LC_HI,63.0,135.0
4,LC_HI,77.0,150.0
4,LC_HI,77.0,193.0
4,LC_HI,73.0,165.0
4,LC_HI,78.0,141.0
4,LC_HI,63.0,121.0
4,LC_HI,63.0,116.0
4,LC_HI,78.0,120.0
4,LC_HI,87.0,203.0
4,LC_HI,97.0,188.0
4,LC_HI,67.0,110.0
4,LC_HI,67.0,164.0
4,LC_HI,73.0,165.0
4,LC_HI,82.0,146.0
4,LC_HI,77.0,159.0
4,LC_HI,73.0,126.0
4,LC_HI,97.0,188.0
4,LC_HI,78.0,199.0
4,LC_HI,63.0,140.0
4,LC_HI,53.0,131.0
4,LC_HI,73.0,174.0
4,LC_HI,68.0,170.0
4,LC_HI,63.0,135.0
4,LC_HI,78.0,120.0
4,LC_HI,78.0,183.0
4,LC_HI,63.0,160.0
4,LC_HI,63.0,116.0
4,LC_HI,72.0,178.0
4,LC_HI,82.0,174.0
4,LC_HI,77.0,194.0
4,LC_HI,82.0,154.0
4,LC_HI,78.0,111.0
4,LC_HI,78.0,189.0
4,LC_HI,72.0,159.0
4,LC_HI,78.0,199.0
4,LC_HI,92.0,208.0
4,LC_HI,92.0,198.0
4,LC_HI,82.0,135.0
4,LC_HI,97.0,188.0
4,LC_HI,97.0,188.0
4,LC_HI,77.0,228.0
4,LC_HI,78.0,97.0
4,LC_HI,68.0,170.0
4,LC_HI,97.0,155.0
4,LC_HI,82.0,184.0
4,LC_HI,77.0,174.0
4,LC_HI,78.0,135.0
4,LC_HI,58.0,73.0
4,LC_HI,82.0,164.0
4,LC_HI,62.0,163.0
4,LC_HI,87.0,126.0
4,LC_HI,63.0,189.0
4,LC_HI,77.0,160.0
4,LC_HI,82.0,178.0
4,LC_HI,48.0,77.0
4,LC_HI,87.0,188.0
4,LC_HI,67.0,164.0
4,LC_HI,78.0,107.0
4,LC_HI,82.0,148.0
4,LC_HI,63.0,116.0
4,LC_HI,73.0,106.0
4,LC_HI,78.0,150.0
4,LC_HI,77.0,209.0
4,LC_HI,77.0,194.0
4,LC_HI,63.0,106.0
4,LC_HI,63.0,175.0
4,LC_HI,63.0,170.0
4,LC_HI,77.0,194.0
4,LC_HI,68.0,96.0
4,LC_HI,63.0,155.0
4,LC_HI,73.0,77.0
4,LC_HI,77.0,92.0
4,LC_HI,63.0,106.0
4,LC_HI,78.0,111.0
4,LC_HI,57.0,149.0
4,LC_HI,92.0,198.0
4,LC_HI,78.0,106.0
4,LC_HI,78.0,126.0
4,LC_HI,62.0,174.0
4,LC_HI,78.0,199.0
4,LC_HI,78.0,183.0
4,LC_HI,78.0,160.0
4,LC_HI,82.0,184.0
4,LC_HI,78.0,164.0
4,LC_HI,78.0,150.0
4,LC_HI,58.0,153.0
4,LC_HI,78.0,160.0
4,LC_HI,77.0,188.0
4,LC_HI,78.0,179.0
4,LC_HI,63.0,116.0
4,LC_HI,87.0,140.0
4,LC_HI,77.0,155.0
4,LC_HI,63.0,159.0
4,LC_HI,78.0,126.0
4,LC_HI,63.0,203.0
4,LC_HI,63.0,126.0
4,LC_HI,78.0,135.0
4,LC_HI,63.0,101.0
4,LC_HI,58.0,169.0
4,LC_HI,78.0,130.0
4,LC_HI,72.0,203.0
4,LC_HI,77.0,184.0
4,LC_HI,87.0,203.0
4,LC_HI,82.0,148.0
4,LC_HI,63.0,160.0
4,LC_HI,68.0,115.0
4,LC_HI,78.0,116.0
4,LC_HI,92.0,183.0
4,LC_HI,78.0,101.0
4,LC_HI,73.0,86.0
4,LC_HI,58.0,135.0
4,LC_HI,53.0,130.0
4,LC_HI,78.0,179.0
4,LC_HI,73.0,180.0
4,LC_HI,63.0,87.0
4,LC_HI,73.0,115.0
4,LC_HI,87.0,169.0
4,LC_HI,78.0,145.0
4,LC_HI,82.0,189.0
4,LC_HI,87.0,140.0
4,LC_HI,48.0,115.0
4,LC_HI,67.0,145.0
4,LC_HI,63.0,168.0
4,LC_HI,58.0,95.0
4,LC_HI,78.0,189.0
4,LC_HI,78.0,140.0
4,LC_HI,63.0,97.0
4,LC_HI,73.0,116.0
4,LC_HI,63.0,184.0
4,LC_HI,78.0,120.0
4,LC_HI,82.0,203.0
4,LC_HI,78.0,141.0
4,LC_HI,63.0,189.0
4,LC_HI,97.0,178.0
4,LC_HI,78.0,209.0
4,LC_HI,92.0,218.0
4,LC_HI,78.0,120.0
4,LC_HI,73.0,165.0
4,LC_HI,78.0,151.0
4,LC_HI,63.0,134.0
4,LC_HI,77.0,165.0
4,LC_HI,78.0,140.0
4,LC_HI,53.0,150.0
4,LC_HI,82.0,159.0
4,LC_HI,78.0,159.0
4,LC_HI,53.0,77.0
4,LC_HI,77.0,160.0
4,LC_HI,57.0,125.0
4,LC_HI,63.0,124.0
4,LC_HI,78.0,189.0
4,LC_HI,73.0,150.0
4,LC_HI,78.0,189.0
4,LC_HI,77.0,208.0
4,LC_HI,58.0,173.0
4,LC_HI,78.0,184.0
4,LC_HI,82.0,145.0
4,LC_HI,58.0,154.0
4,LC_HI,78.0,96.0
4,LC_HI,78.0,158.0
4,LC_HI,73.0,130.0
4,LC_HI,97.0,199.0
4,LC_HI,77.0,134.0
4,LC_HI,78.0,106.0
4,LC_HI,78.0,101.0
4,LC_HI,77.0,174.0
4,LC_HI,82.0,189.0
4,LC_HI,77.0,92.0
4,LC_HI,78.0,149.0
4,LC_HI,53.0,111.0
4,LC_HI,62.0,163.0
4,LC_HI,68.0,135.0
4,LC_HI,78.0,130.0
4,LC_HI,82.0,144.0
4,LC_HI,63.0,135.0
4,LC_HI,78.0,140.0
4,LC_HI,78.0,159.0
4,LC_HI,58.0,154.0
4,LC_HI,78.0,120.0
4,LC_HI,78.0,217.0
4,LC_HI,58.0,102.0
4,LC_HI,72.0,194.0
4,LC_HI,78.0,158.0
4,LC_HI,68.0,175.0
4,LC_HI,78.0,130.0
4,LC_HI,78.0,131.0
4,LC_HI,63.0,101.0
4,LC_HI,58.0,169.0
4,LC_LI,78.0,169.0
4,LC_LI,72.0,169.0
4,LC_LI,92.0,189.0
4,LC_LI,58.0,168.0
4,LC_LI,78.0,161.0
4,LC_LI,82.0,174.0
4,LC_LI,78.0,83.0
4,LC_LI,87.0,130.0
4,LC_LI,77.0,174.0
4,LC_LI,77.0,130.0
4,LC_LI,73.0,141.0
4,LC_LI,63.0,145.0
4,LC_LI,78.0,129.0
4,LC_LI,87.0,194.0
4,LC_LI,73.0,115.0
4,LC_LI,82.0,144.0
4,LC_LI,78.0,169.0
4,LC_LI,78.0,131.0
4,LC_LI,73.0,115.0
4,LC_LI,77.0,115.0
4,LC_LI,58.0,130.0
4,LC_LI,82.0,198.0
4,LC_LI,87.0,194.0
4,LC_LI,87.0,125.0
4,LC_LI,63.0,140.0
4,LC_LI,78.0,135.0
4,LC_LI,92.0,228.0
4,LC_LI,97.0,145.0
4,LC_LI,77.0,154.0
4,LC_LI,78.0,179.0
4,LC_LI,97.0,159.0
4,LC_LI,63.0,198.0
4,LC_LI,63.0,115.0
4,LC_LI,72.0,144.0
4,LC_LI,87.0,165.0
4,LC_LI,63.0,119.0
4,LC_LI,78.0,140.0
4,LC_LI,78.0,179.0
4,LC_LI,78.0,107.0
4,LC_LI,78.0,111.0
4,LC_LI,63.0,116.0
4,LC_LI,63.0,155.0
4,LC_LI,78.0,164.0
4,LC_LI,78.0,179.0
4,LC_LI,72.0,169.0
4,LC_LI,77.0,154.0
4,LC_LI,78.0,173.0
4,LC_LI,73.0,121.0
4,LC_LI,77.0,198.0
4,LC_LI,73.0,116.0
4,LC_LI,78.0,83.0
4,LC_LI,97.0,223.0
4,LC_LI,78.0,160.0
4,LC_LI,78.0,164.0
4,LC_LI,78.0,120.0
4,LC_LI,78.0,179.0
4,LC_LI,82.0,169.0
4,LC_LI,78.0,116.0
4,LC_LI,78.0,111.0
4,LC_LI,73.0,188.0
4,LC_LI,78.0,140.0
4,LC_LI,78.0,107.0
4,LC_LI,73.0,154.0
4,LC_LI,78.0,158.0
4,LC_LI,73.0,219.0
4,LC_LI,78.0,120.0
4,LC_LI,78.0,173.0
4,LC_LI,63.0,115.0
4,LC_LI,87.0,155.0
4,LC_LI,78.0,126.0
4,LC_LI,87.0,194.0
4,LC_LI,78.0,131.0
4,LC_LI,77.0,174.0
4,LC_LI,78.0,150.0
4,LC_LI,82.0,188.0
4,LC_LI,58.0,139.0
4,LC_LI,78.0,194.0
4,LC_LI,78.0,164.0
4,LC_LI,87.0,194.0
4,LC_LI,78.0,120.0
4,LC_LI,78.0,130.0
4,LC_LI,82.0,169.0
4,LC_LI,72.0,169.0
4,LC_LI,78.0,159.0
4,LC_LI,68.0,170.0
4,LC_LI,58.0,139.0
4,LC_LI,82.0,169.0
4,LC_LI,78.0,155.0
4,LC_LI,82.0,213.0
4,LC_LI,77.0,159.0
4,LC_LI,78.0,101.0
4,LC_LI,78.0,169.0
4,LC_LI,78.0,155.0
4,LC_LI,82.0,125.0
4,LC_LI,82.0,116.0
4,LC_LI,77.0,174.0
4,LC_LI,78.0,120.0
4,LC_LI,87.0,165.0
4,LC_LI,78.0,160.0
4,LC_LI,78.0,169.0
4,LC_LI,97.0,145.0
4,LC_LI,82.0,125.0
4,LC_LI,73.0,145.0
4,LC_LI,87.0,130.0
4,LC_LI,73.0,219.0
4,LC_LI,63.0,140.0
4,LC_LI,78.0,173.0
4,LC_LI,73.0,219.0
4,LC_LI,78.0,150.0
4,LC_LI,78.0,158.0
4,LC_LI,73.0,130.0
4,LC_LI,78.0,164.0
4,LC_LI,82.0,144.0
4,LC_LI,78.0,169.0
4,LC_LI,57.0,119.0
4,LC_LI,78.0,180.0
4,LC_LI,87.0,169.0
4,LC_LI,78.0,169.0
4,LC_LI,63.0,150.0
4,LC_LI,63.0,154.0
4,LC_LI,97.0,145.0
4,LC_LI,78.0,146.0
4,LC_LI,68.0,141.0
4,LC_LI,63.0,189.0
4,LC_LI,82.0,116.0
4,LC_LI,87.0,169.0
4,LC_LI,77.0,184.0
4,LC_LI,92.0,184.0
4,LC_LI,68.0,135.0
4,LC_LI,87.0,188.0
4,LC_LI,78.0,164.0
4,LC_LI,78.0,146.0
4,LC_LI,63.0,115.0
4,LC_LI,78.0,111.0
4,LC_LI,58.0,105.0
4,LC_LI,78.0,159.0
4,LC_LI,77.0,139.0
4,LC_LI,73.0,130.0
4,LC_LI,73.0,116.0
4,LC_LI,78.0,150.0
4,LC_LI,82.0,155.0
4,LC_LI,78.0,126.0
4,LC_LI,78.0,155.0
4,LC_LI,78.0,180.0
4,LC_LI,78.0,180.0
4,LC_LI,87.0,194.0
4,LC_LI,78.0,129.0
4,LC_LI,87.0,194.0
4,LC_LI,78.0,185.0
4,LC_LI,78.0,155.0
4,LC_LI,78.0,169.0
4,LC_LI,67.0,144.0
4,LC_LI,87.0,169.0
4,LC_LI,78.0,130.0
4,LC_LI,78.0,111.0
4,LC_LI,78.0,149.0
4,LC_LI,63.0,116.0
4,LC_LI,77.0,154.0
4,LC_LI,73.0,219.0
4,LC_LI,63.0,135.0
4,LC_LI,68.0,214.0
4,LC_LI,67.0,144.0
4,LC_LI,57.0,119.0
4,LC_LI,63.0,155.0
4,LC_LI,63.0,154.0
4,LC_LI,63.0,155.0
4,LC_LI,87.0,125.0
4,LC_LI,73.0,183.0
4,LC_LI,73.0,106.0
4,LC_LI,97.0,154.0
4,LC_LI,72.0,169.0
4,LC_LI,58.0,140.0
4,LC_LI,78.0,179.0
4,LC_LI,63.0,139.0
4,LC_LI,78.0,144.0
4,LC_LI,97.0,159.0
4,LC_LI,92.0,228.0
4,LC_LI,78.0,144.0
4,LC_LI,78.0,140.0
4,LC_LI,78.0,131.0
4,LC_LI,63.0,149.0
4,LC_LI,63.0,129.0
4,LC_LI,87.0,194.0
4,LC_LI,92.0,184.0
4,LC_LI,73.0,185.0
4,LC_LI,78.0,160.0
4,LC_LI,63.0,119.0
4,LC_LI,63.0,140.0
4,LC_LI,63.0,115.0
4,LC_LI,77.0,199.0
4,LC_LI,77.0,203.0
4,LC_LI,63.0,139.0
4,LC_LI,73.0,149.0
4,LC_LI,63.0,130.0
4,LC_LI,58.0,130.0
4,LC_LI,78.0,150.0
4,LC_LI,77.0,179.0
4,LC_LI,87.0,194.0
4,LC_LI,58.0,140.0
4,LC_LI,82.0,144.0
5,random,78.0,175.0
5,random,58.0,126.0
5,random,53.0,115.0
5,random,82.0,203.0
5,random,68.0,184.0
5,random,58.0,154.0
5,random,78.0,140.0
5,random,58.0,139.0
5,random,73.0,173.0
5,random,78.0,140.0
5,random,58.0,120.0
5,random,58.0,126.0
5,random,53.0,106.0
5,random,78.0,198.0
5,random,63.0,178.0
5,random,78.0,106.0
5,random,68.0,179.0
5,random,67.0,173.0
5,random,78.0,183.0
5,random,68.0,155.0
5,random,68.0,184.0
5,random,73.0,164.0
5,random,78.0,150.0
5,random,63.0,134.0
5,random,63.0,169.0
5,random,73.0,111.0
5,random,63.0,140.0
5,random,58.0,173.0
5,random,78.0,174.0
5,random,78.0,174.0
5,random,78.0,165.0
5,random,53.0,164.0
5,random,68.0,158.0
5,random,78.0,188.0
5,random,68.0,155.0
5,random,78.0,129.0
5,random,53.0,130.0
5,random,78.0,116.0
5,random,63.0,165.0
5,random,63.0,126.0
5,random,78.0,208.0
5,random,78.0,140.0
5,random,63.0,174.0
5,random,58.0,159.0
5,random,73.0,184.0
5,random,53.0,126.0
5,random,63.0,155.0
5,random,63.0,139.0
5,random,58.0,144.0
5,random,63.0,140.0
5,random,78.0,165.0
5,random,63.0,178.0
5,random,53.0,125.0
5,random,68.0,193.0
5,random,63.0,135.0
5,random,78.0,150.0
5,random,63.0,125.0
5,random,68.0,198.0
5,random,68.0,140.0
5,random,78.0,159.0
5,random,68.0,218.0
5,random,58.0,145.0
5,random,73.0,164.0
5,random,78.0,203.0
5,random,78.0,150.0
5,random,63.0,134.0
5,random,87.0,233.0
5,random,53.0,110.0
5,random,58.0,145.0
5,random,78.0,130.0
5,random,78.0,203.0
5,random,63.0,144.0
5,random,78.0,184.0
5,random,68.0,150.0
5,random,53.0,110.0
5,random,73.0,135.0
5,random,68.0,150.0
5,random,73.0,178.0
5,random,73.0,150.0
5,random,63.0,160.0
5,random,68.0,119.0
5,random,68.0,174.0
5,random,78.0,135.0
5,random,78.0,178.0
5,random,73.0,174.0
5,random,78.0,163.0
5,random,58.0,95.0
5,random,78.0,228.0
5,random,78.0,189.0
5,random,58.0,168.0
5,random,78.0,189.0
5,random,78.0,174.0
5,random,78.0,154.0
5,random,53.0,139.0
5,random,62.0,168.0
5,random,58.0,164.0
5,random,63.0,129.0
5,random,73.0,154.0
5,random,63.0,124.0
5,random,53.0,183.0
5,random,68.0,149.0
5,random,63.0,135.0
5,random,58.0,125.0
5,random,63.0,159.0
5,random,68.0,183.0
5,random,73.0,164.0
5,random,58.0,159.0
5,random,63.0,125.0
5,random,63.0,169.0
5,random,58.0,111.0
5,random,53.0,120.0
5,random,78.0,188.0
5,random,77.0,188.0
5,random,78.0,120.0
5,random,63.0,111.0
5,random,53.0,165.0
5,random,78.0,179.0
5,random,68.0,155.0
5,random,68.0,164.0
5,random,78.0,179.0
5,random,78.0,223.0
5,random,73.0,139.0
5,random,63.0,124.0
5,random,73.0,150.0
5,random,68.0,165.0
5,random,53.0,105.0
5,random,68.0,184.0
5,random,78.0,199.0
5,random,58.0,154.0
5,random,68.0,193.0
5,random,73.0,135.0
5,random,63.0,121.0
5,random,73.0,115.0
5,random,53.0,119.0
5,random,63.0,121.0
5,random,58.0,155.0
5,random,78.0,224.0
5,random,63.0,179.0
5,random,78.0,165.0
5,random,78.0,208.0
5,random,73.0,77.0
5,random,53.0,106.0
5,random,68.0,164.0
5,random,68.0,189.0
5,random,58.0,174.0
5,random,78.0,179.0
5,random,78.0,238.0
5,random,68.0,150.0
5,random,63.0,92.0
5,random,53.0,149.0
5,random,78.0,168.0
5,random,72.0,178.0
5,random,58.0,183.0
5,random,53.0,164.0
5,random,68.0,164.0
5,random,68.0,189.0
5,random,53.0,124.0
5,random,67.0,188.0
5,random,77.0,203.0
5,random,73.0,149.0
5,random,68.0,198.0
5,random,77.0,208.0
5,random,68.0,130.0
5,random,78.0,188.0
5,random,63.0,174.0
5,random,63.0,126.0
5,random,68.0,184.0
5,random,78.0,198.0
5,random,53.0,124.0
5,random,78.0,134.0
5,random,58.0,144.0
5,random,63.0,198.0
5,random,63.0,179.0
5,random,48.0,106.0
5,random,53.0,105.0
5,random,58.0,100.0
5,random,78.0,120.0
5,random,48.0,97.0
5,random,78.0,174.0
5,random,73.0,164.0
5,random,58.0,148.0
5,random,73.0,213.0
5,random,63.0,159.0
5,random,58.0,106.0
5,random,78.0,194.0
5,random,78.0,116.0
5,random,78.0,155.0
5,random,68.0,150.0
5,random,78.0,164.0
5,random,78.0,169.0
5,random,78.0,150.0
5,random,73.0,208.0
5,random,68.0,179.0
5,random,58.0,120.0
5,random,63.0,115.0
5,random,78.0,228.0
5,random,78.0,126.0
5,random,73.0,145.0
5,random,63.0,184.0
5,random,63.0,188.0
5,HC_HI,53.0,106.0
5,HC_HI,73.0,169.0
5,HC_HI,73.0,188.0
5,HC_HI,78.0,194.0
5,HC_HI,58.0,198.0
5,HC_HI,63.0,179.0
5,HC_HI,53.0,145.0
5,HC_HI,78.0,164.0
5,HC_HI,73.0,126.0
5,HC_HI,53.0,82.0
5,HC_HI,58.0,135.0
5,HC_HI,63.0,126.0
5,HC_HI,78.0,174.0
5,HC_HI,58.0,149.0
5,HC_HI,68.0,233.0
5,HC_HI,58.0,145.0
5,HC_HI,73.0,145.0
5,HC_HI,53.0,125.0
5,HC_HI,63.0,173.0
5,HC_HI,78.0,188.0
5,HC_HI,53.0,145.0
5,HC_HI,63.0,164.0
5,HC_HI,78.0,155.0
5,HC_HI,58.0,135.0
5,HC_HI,73.0,194.0
5,HC_HI,63.0,193.0
5,HC_HI,73.0,120.0
5,HC_HI,78.0,169.0
5,HC_HI,78.0,218.0
5,HC_HI,68.0,193.0
5,HC_HI,63.0,179.0
5,HC_HI,58.0,134.0
5,HC_HI,73.0,155.0
5,HC_HI,58.0,170.0
5,HC_HI,78.0,140.0
5,HC_HI,58.0,121.0
5,HC_HI,78.0,184.0
5,HC_HI,78.0,183.0
5,HC_HI,78.0,208.0
5,HC_HI,68.0,174.0
5,HC_HI,78.0,208.0
5,HC_HI,68.0,188.0
5,HC_HI,78.0,178.0
5,HC_HI,58.0,105.0
5,HC_HI,53.0,124.0
5,HC_HI,78.0,208.0
5,HC_HI,53.0,145.0
5,HC_HI,63.0,203.0
5,HC_HI,58.0,145.0
5,HC_HI,58.0,183.0
5,HC_HI,58.0,158.0
5,HC_HI,38.0,125.0
5,HC_HI,73.0,194.0
5,HC_HI,68.0,144.0
5,HC_HI,73.0,208.0
5,HC_HI,58.0,121.0
5,HC_HI,78.0,164.0
5,HC_HI,58.0,164.0
5,HC_HI,73.0,208.0
5,HC_HI,53.0,106.0
5,HC_HI,78.0,208.0
5,HC_HI,78.0,140.0
5,HC_HI,58.0,145.0
5,HC_HI,68.0,169.0
5,HC_HI,68.0,149.0
5,HC_HI,78.0,174.0
5,HC_HI,63.0,120.0
5,HC_HI,78.0,174.0
5,HC_HI,63.0,150.0
5,HC_HI,53.0,159.0
5,HC_HI,58.0,154.0
5,HC_HI,58.0,124.0
5,HC_HI,68.0,159.0
5,HC_HI,73.0,145.0
5,HC_HI,73.0,169.0
5,HC_HI,82.0,223.0
5,HC_HI,72.0,178.0
5,HC_HI,73.0,140.0
5,HC_HI,68.0,155.0
5,HC_HI,78.0,179.0
5,HC_HI,63.0,130.0
5,HC_HI,78.0,188.0
5,HC_HI,58.0,101.0
5,HC_HI,73.0,154.0
5,HC_HI,53.0,144.0
5,HC_HI,53.0,95.0
5,HC_HI,73.0,144.0
5,HC_HI,53.0,115.0
5,HC_HI,73.0,209.0
5,HC_HI,73.0,174.0
5,HC_HI,73.0,159.0
5,HC_HI,78.0,140.0
5,HC_HI,68.0,223.0
5,HC_HI,68.0,149.0
5,HC_HI,78.0,175.0
5,HC_HI,68.0,164.0
5,HC_HI,68.0,159.0
5,HC_HI,58.0,150.0
5,HC_HI,68.0,188.0
5,HC_HI,78.0,150.0
5,HC_HI,58.0,115.0
5,HC_HI,63.0,125.0
5,HC_HI,53.0,120.0
5,HC_HI,58.0,148.0
5,HC_HI,58.0,116.0
5,HC_HI,53.0,174.0
5,HC_HI,63.0,139.0
5,HC_HI,53.0,145.0
5,HC_HI,78.0,213.0
5,HC_HI,63.0,135.0
5,HC_HI,68.0,159.0
5,HC_HI,63.0,96.0
5,HC_HI,68.0,96.0
5,HC_HI,58.0,95.0
5,HC_HI,58.0,124.0
5,HC_HI,58.0,149.0
5,HC_HI,78.0,144.0
5,HC_HI,78.0,184.0
5,HC_HI,68.0,189.0
5,HC_HI,53.0,154.0
5,HC_HI,58.0,179.0
5,HC_HI,73.0,189.0
5,HC_HI,58.0,126.0
5,HC_HI,58.0,139.0
5,HC_HI,58.0,164.0
5,HC_HI,53.0,95.0
5,HC_HI,68.0,193.0
5,HC_HI,68.0,140.0
5,HC_HI,68.0,130.0
5,HC_HI,73.0,188.0
5,HC_HI,73.0,203.0
5,HC_HI,58.0,159.0
5,HC_HI,58.0,145.0
5,HC_HI,63.0,154.0
5,HC_HI,53.0,174.0
5,HC_HI,58.0,121.0
5,HC_HI,78.0,184.0
5,HC_HI,63.0,130.0
5,HC_HI,53.0,131.0
5,HC_HI,68.0,218.0
5,HC_HI,53.0,149.0
5,HC_HI,78.0,135.0
5,HC_HI,78.0,194.0
5,HC_HI,73.0,179.0
5,HC_HI,73.0,155.0
5,HC_HI,78.0,193.0
5,HC_HI,78.0,174.0
5,HC_HI,58.0,179.0
5,HC_HI,73.0,204.0
5,HC_HI,73.0,169.0
5,HC_HI,68.0,223.0
5,HC_HI,82.0,208.0
5,HC_HI,78.0,164.0
5,HC_HI,78.0,178.0
5,HC_HI,63.0,135.0
5,HC_HI,53.0,159.0
5,HC_HI,63.0,148.0
5,HC_HI,58.0,169.0
5,HC_HI,78.0,145.0
5,HC_HI,58.0,106.0
5,HC_HI,58.0,130.0
5,HC_HI,68.0,106.0
5,HC_HI,78.0,182.0
5,HC_HI,58.0,149.0
5,HC_HI,78.0,169.0
5,HC_HI,53.0,125.0
5,HC_HI,78.0,228.0
5,HC_HI,68.0,159.0
5,HC_HI,73.0,155.0
5,HC_HI,73.0,208.0
5,HC_HI,73.0,145.0
5,HC_HI,53.0,174.0
5,HC_HI,73.0,193.0
5,HC_HI,58.0,95.0
5,HC_HI,53.0,120.0
5,HC_HI,73.0,145.0
5,HC_HI,58.0,125.0
5,HC_HI,73.0,139.0
5,HC_HI,68.0,125.0
5,HC_HI,53.0,106.0
5,HC_HI,58.0,164.0
5,HC_HI,63.0,159.0
5,HC_HI,78.0,169.0
5,HC_HI,58.0,149.0
5,HC_HI,78.0,169.0
5,HC_HI,63.0,163.0
5,HC_HI,53.0,115.0
5,HC_HI,68.0,149.0
5,HC_HI,78.0,130.0
5,HC_HI,58.0,169.0
5,HC_HI,73.0,173.0
5,HC_HI,78.0,159.0
5,HC_HI,58.0,135.0
5,HC_HI,53.0,125.0
5,HC_HI,48.0,129.0
5,HC_HI,58.0,120.0
5,HC_HI,73.0,179.0
5,HC_HI,58.0,115.0
5,HC_HI,68.0,150.0
5,HC_HI,78.0,174.0
5,HC_LI,73.0,194.0
5,HC_LI,58.0,159.0
5,HC_LI,68.0,189.0
5,HC_LI,63.0,135.0
5,HC_LI,68.0,148.0
5,HC_LI,58.0,183.0
5,HC_LI,58.0,129.0
5,HC_LI,58.0,145.0
5,HC_LI,73.0,198.0
5,HC_LI,58.0,144.0
5,HC_LI,68.0,101.0
5,HC_LI,63.0,173.0
5,HC_LI,58.0,189.0
5,HC_LI,63.0,153.0
5,HC_LI,58.0,139.0
5,HC_LI,68.0,139.0
5,HC_LI,58.0,119.0
5,HC_LI,78.0,169.0
5,HC_LI,63.0,149.0
5,HC_LI,78.0,144.0
5,HC_LI,63.0,118.0
5,HC_LI,68.0,174.0
5,HC_LI,58.0,179.0
5,HC_LI,53.0,134.0
5,HC_LI,68.0,179.0
5,HC_LI,73.0,163.0
5,HC_LI,78.0,203.0
5,HC_LI,78.0,160.0
5,HC_LI,68.0,175.0
5,HC_LI,73.0,198.0
5,HC_LI,58.0,158.0
5,HC_LI,63.0,174.0
5,HC_LI,73.0,155.0
5,HC_LI,63.0,169.0
5,HC_LI,68.0,140.0
5,HC_LI,73.0,183.0
5,HC_LI,78.0,169.0
5,HC_LI,68.0,150.0
5,HC_LI,73.0,164.0
5,HC_LI,68.0,198.0
5,HC_LI,78.0,179.0
5,HC_LI,73.0,134.0
5,HC_LI,78.0,184.0
5,HC_LI,58.0,173.0
5,HC_LI,68.0,160.0
5,HC_LI,63.0,139.0
5,HC_LI,68.0,218.0
5,HC_LI,73.0,183.0
5,HC_LI,78.0,139.0
5,HC_LI,58.0,184.0
5,HC_LI,78.0,179.0
5,HC_LI,68.0,129.0
5,HC_LI,73.0,143.0
5,HC_LI,78.0,179.0
5,HC_LI,58.0,154.0
5,HC_LI,68.0,150.0
5,HC_LI,78.0,154.0
5,HC_LI,73.0,164.0
5,HC_LI,78.0,158.0
5,HC_LI,63.0,178.0
5,HC_LI,73.0,164.0
5,HC_LI,63.0,144.0
5,HC_LI,73.0,198.0
5,HC_LI,78.0,144.0
5,HC_LI,58.0,154.0
5,HC_LI,73.0,159.0
5,HC_LI,63.0,174.0
5,HC_LI,78.0,178.0
5,HC_LI,78.0,193.0
5,HC_LI,73.0,174.0
5,HC_LI,63.0,153.0
5,HC_LI,58.0,159.0
5,HC_LI,63.0,144.0
5,HC_LI,78.0,135.0
5,HC_LI,73.0,198.0
5,HC_LI,58.0,164.0
5,HC_LI,78.0,179.0
5,HC_LI,78.0,139.0
5,HC_LI,78.0,139.0
5,HC_LI,78.0,111.0
5,HC_LI,68.0,145.0
5,HC_LI,78.0,179.0
5,HC_LI,53.0,153.0
5,HC_LI,78.0,169.0
5,HC_LI,78.0,169.0
5,HC_LI,73.0,174.0
5,HC_LI,73.0,179.0
5,HC_LI,78.0,179.0
5,HC_LI,58.0,159.0
5,HC_LI,58.0,159.0
5,HC_LI,78.0,148.0
5,HC_LI,68.0,150.0
5,HC_LI,63.0,173.0
5,HC_LI,73.0,170.0
5,HC_LI,53.0,148.0
5,HC_LI,78.0,193.0
5,HC_LI,73.0,145.0
5,HC_LI,78.0,154.0
5,HC_LI,63.0,159.0
5,HC_LI,68.0,223.0
5,HC_LI,78.0,188.0
5,HC_LI,68.0,121.0
5,HC_LI,63.0,144.0
5,HC_LI,73.0,170.0
5,HC_LI,63.0,178.0
5,HC_LI,78.0,155.0
5,HC_LI,53.0,163.0
5,HC_LI,58.0,159.0
5,HC_LI,58.0,158.0
5,HC_LI,78.0,208.0
5,HC_LI,63.0,154.0
5,HC_LI,68.0,218.0
5,HC_LI,78.0,208.0
5,HC_LI,58.0,129.0
5,HC_LI,73.0,160.0
5,HC_LI,78.0,158.0
5,HC_LI,78.0,223.0
5,HC_LI,58.0,119.0
5,HC_LI,72.0,188.0
5,HC_LI,58.0,145.0
5,HC_LI,73.0,154.0
5,HC_LI,78.0,193.0
5,HC_LI,78.0,208.0
5,HC_LI,63.0,153.0
5,HC_LI,73.0,199.0
5,HC_LI,78.0,169.0
5,HC_LI,53.0,148.0
5,HC_LI,68.0,155.0
5,HC_LI,78.0,164.0
5,HC_LI,78.0,169.0
5,HC_LI,78.0,174.0
5,HC_LI,68.0,189.0
5,HC_LI,73.0,174.0
5,HC_LI,58.0,148.0
5,HC_LI,78.0,153.0
5,HC_LI,78.0,159.0
5,HC_LI,58.0,148.0
5,HC_LI,78.0,111.0
5,HC_LI,78.0,139.0
5,HC_LI,63.0,188.0
5,HC_LI,73.0,155.0
5,HC_LI,68.0,160.0
5,HC_LI,58.0,179.0
5,HC_LI,78.0,154.0
5,HC_LI,68.0,160.0
5,HC_LI,58.0,188.0
5,HC_LI,68.0,155.0
5,HC_LI,73.0,199.0
5,HC_LI,78.0,223.0
5,HC_LI,63.0,188.0
5,HC_LI,63.0,144.0
5,HC_LI,78.0,169.0
5,HC_LI,63.0,144.0
5,HC_LI,58.0,129.0
5,HC_LI,58.0,139.0
5,HC_LI,78.0,178.0
5,HC_LI,63.0,144.0
5,HC_LI,78.0,193.0
5,HC_LI,78.0,204.0
5,HC_LI,78.0,160.0
5,HC_LI,73.0,163.0
5,HC_LI,78.0,145.0
5,HC_LI,68.0,218.0
5,HC_LI,58.0,145.0
5,HC_LI,53.0,153.0
5,HC_LI,63.0,139.0
5,HC_LI,63.0,168.0
5,HC_LI,73.0,173.0
5,HC_LI,73.0,174.0
5,HC_LI,73.0,153.0
5,HC_LI,78.0,155.0
5,HC_LI,73.0,155.0
5,HC_LI,78.0,154.0
5,HC_LI,68.0,139.0
5,HC_LI,68.0,148.0
5,HC_LI,63.0,179.0
5,HC_LI,73.0,140.0
5,HC_LI,68.0,155.0
5,HC_LI,73.0,165.0
5,HC_LI,58.0,158.0
5,HC_LI,73.0,188.0
5,HC_LI,68.0,189.0
5,HC_LI,68.0,189.0
5,HC_LI,53.0,168.0
5,HC_LI,58.0,188.0
5,HC_LI,73.0,149.0
5,HC_LI,78.0,198.0
5,HC_LI,73.0,173.0
5,HC_LI,73.0,164.0
5,HC_LI,63.0,140.0
5,HC_LI,78.0,164.0
5,HC_LI,63.0,139.0
5,HC_LI,73.0,149.0
5,HC_LI,78.0,139.0
5,HC_LI,78.0,155.0
5,HC_LI,73.0,174.0
5,HC_LI,73.0,140.0
5,HC_LI,63.0,183.0
5,HC_LI,78.0,169.0
5,HC_LI,58.0,159.0
5,LC_HI,63.0,97.0
5,LC_HI,53.0,92.0
5,LC_HI,63.0,170.0
5,LC_HI,63.0,116.0
5,LC_HI,78.0,150.0
5,LC_HI,78.0,140.0
5,LC_HI,73.0,145.0
5,LC_HI,78.0,125.0
5,LC_HI,58.0,106.0
5,LC_HI,53.0,150.0
5,LC_HI,63.0,150.0
5,LC_HI,78.0,130.0
5,LC_HI,73.0,96.0
5,LC_HI,78.0,111.0
5,LC_HI,63.0,150.0
5,LC_HI,78.0,179.0
5,LC_HI,78.0,160.0
5,LC_HI,53.0,135.0
5,LC_HI,68.0,179.0
5,LC_HI,78.0,189.0
5,LC_HI,58.0,163.0
5,LC_HI,77.0,144.0
5,LC_HI,58.0,160.0
5,LC_HI,58.0,96.0
5,LC_HI,58.0,159.0
5,LC_HI,77.0,183.0
5,LC_HI,53.0,149.0
5,LC_HI,63.0,116.0
5,LC_HI,63.0,175.0
5,LC_HI,63.0,101.0
5,LC_HI,63.0,164.0
5,LC_HI,78.0,86.0
5,LC_HI,78.0,179.0
5,LC_HI,78.0,150.0
5,LC_HI,68.0,96.0
5,LC_HI,48.0,106.0
5,LC_HI,58.0,159.0
5,LC_HI,58.0,154.0
5,LC_HI,63.0,194.0
5,LC_HI,63.0,170.0
5,LC_HI,73.0,139.0
5,LC_HI,78.0,169.0
5,LC_HI,63.0,149.0
5,LC_HI,53.0,140.0
5,LC_HI,78.0,158.0
5,LC_HI,78.0,208.0
5,LC_HI,78.0,146.0
5,LC_HI,78.0,111.0
5,LC_HI,58.0,154.0
5,LC_HI,53.0,105.0
5,LC_HI,53.0,77.0
5,LC_HI,58.0,110.0
5,LC_HI,73.0,213.0
5,LC_HI,78.0,135.0
5,LC_HI,63.0,135.0
5,LC_HI,78.0,135.0
5,LC_HI,58.0,169.0
5,LC_HI,53.0,105.0
5,LC_HI,68.0,174.0
5,LC_HI,78.0,179.0
5,LC_HI,63.0,124.0
5,LC_HI,63.0,189.0
5,LC_HI,63.0,101.0
5,LC_HI,78.0,189.0
5,LC_HI,58.0,189.0
5,LC_HI,58.0,173.0
5,LC_HI,58.0,102.0
5,LC_HI,78.0,140.0
5,LC_HI,73.0,154.0
5,LC_HI,78.0,135.0
5,LC_HI,73.0,126.0
5,LC_HI,78.0,160.0
5,LC_HI,67.0,174.0
5,LC_HI,78.0,120.0
5,LC_HI,58.0,169.0
5,LC_HI,78.0,105.0
5,LC_HI,78.0,107.0
5,LC_HI,78.0,199.0
5,LC_HI,82.0,213.0
5,LC_HI,78.0,106.0
5,LC_HI,78.0,174.0
5,LC_HI,78.0,194.0
5,LC_HI,63.0,126.0
5,LC_HI,78.0,130.0
5,LC_HI,78.0,208.0
5,LC_HI,78.0,97.0
5,LC_HI,68.0,145.0
5,LC_HI,78.0,160.0
5,LC_HI,68.0,204.0
5,LC_HI,73.0,159.0
5,LC_HI,63.0,116.0
5,LC_HI,53.0,131.0
5,LC_HI,78.0,169.0
5,LC_HI,63.0,116.0
5,LC_HI,48.0,106.0
5,LC_HI,73.0,198.0
5,LC_HI,58.0,155.0
5,LC_HI,78.0,135.0
5,LC_HI,73.0,116.0
5,LC_HI,78.0,135.0
5,LC_HI,78.0,96.0
5,LC_HI,78.0,188.0
5,LC_HI,78.0,146.0
5,LC_HI,58.0,95.0
5,LC_HI,78.0,131.0
5,LC_HI,73.0,134.0
5,LC_HI,78.0,194.0
5,LC_HI,78.0,131.0
5,LC_HI,58.0,125.0
5,LC_HI,78.0,116.0
5,LC_HI,48.0,139.0
5,LC_HI,78.0,184.0
5,LC_HI,78.0,214.0
5,LC_HI,78.0,218.0
5,LC_HI,53.0,194.0
5,LC_HI,78.0,175.0
5,LC_HI,63.0,150.0
5,LC_HI,78.0,164.0
5,LC_HI,78.0,131.0
5,LC_HI,58.0,154.0
5,LC_HI,53.0,111.0
5,LC_HI,72.0,203.0
5,LC_HI,78.0,130.0
5,LC_HI,73.0,173.0
5,LC_HI,73.0,67.0
5,LC_HI,78.0,164.0
5,LC_HI,78.0,165.0
5,LC_HI,78.0,165.0
5,LC_HI,58.0,159.0
5,LC_HI,78.0,164.0
5,LC_HI,68.0,96.0
5,LC_HI,73.0,189.0
5,LC_HI,73.0,129.0
5,LC_HI,63.0,194.0
5,LC_HI,78.0,154.0
5,LC_HI,63.0,135.0
5,LC_HI,73.0,183.0
5,LC_HI,68.0,131.0
5,LC_HI,73.0,101.0
5,LC_HI,78.0,175.0
5,LC_HI,78.0,144.0
5,LC_HI,53.0,168.0
5,LC_HI,68.0,116.0
5,LC_HI,78.0,184.0
5,LC_HI,72.0,159.0
5,LC_HI,78.0,86.0
5,LC_HI,63.0,125.0
5,LC_HI,58.0,119.0
5,LC_HI,73.0,96.0
5,LC_HI,78.0,180.0
5,LC_HI,63.0,189.0
5,LC_HI,73.0,111.0
5,LC_HI,73.0,155.0
5,LC_HI,43.0,77.0
5,LC_HI,78.0,169.0
5,LC_HI,73.0,116.0
5,LC_HI,68.0,208.0
5,LC_HI,48.0,139.0
5,LC_HI,63.0,189.0
5,LC_HI,78.0,150.0
5,LC_HI,63.0,223.0
5,LC_HI,63.0,135.0
5,LC_HI,63.0,199.0
5,LC_HI,68.0,121.0
5,LC_HI,68.0,169.0
5,LC_HI,53.0,150.0
5,LC_HI,63.0,126.0
5,LC_HI,78.0,170.0
5,LC_HI,78.0,149.0
5,LC_HI,68.0,155.0
5,LC_HI,58.0,173.0
5,LC_HI,78.0,189.0
5,LC_HI,78.0,82.0
5,LC_HI,78.0,120.0
5,LC_HI,78.0,199.0
5,LC_HI,72.0,203.0
5,LC_HI,48.0,106.0
5,LC_HI,78.0,120.0
5,LC_HI,58.0,125.0
5,LC_HI,78.0,146.0
5,LC_HI,63.0,154.0
5,LC_HI,63.0,116.0
5,LC_HI,78.0,135.0
5,LC_HI,78.0,92.0
5,LC_HI,78.0,189.0
5,LC_HI,68.0,131.0
5,LC_HI,73.0,189.0
5,LC_HI,58.0,169.0
5,LC_HI,87.0,188.0
5,LC_HI,78.0,159.0
5,LC_HI,78.0,135.0
5,LC_HI,78.0,188.0
5,LC_HI,78.0,131.0
5,LC_HI,78.0,165.0
5,LC_HI,58.0,115.0
5,LC_HI,63.0,130.0
5,LC_HI,63.0,188.0
5,LC_HI,58.0,169.0
5,LC_HI,53.0,164.0
5,LC_HI,53.0,92.0
5,LC_LI,63.0,139.0
5,LC_LI,68.0,179.0
5,LC_LI,63.0,140.0
5,LC_LI,78.0,140.0
5,LC_LI,78.0,170.0
5,LC_LI,78.0,161.0
5,LC_LI,78.0,158.0
5,LC_LI,68.0,149.0
5,LC_LI,78.0,213.0
5,LC_LI,78.0,125.0
5,LC_LI,78.0,156.0
5,LC_LI,63.0,174.0
5,LC_LI,78.0,149.0
5,LC_LI,78.0,214.0
5,LC_LI,48.0,119.0
5,LC_LI,63.0,140.0
5,LC_LI,73.0,145.0
5,LC_LI,78.0,185.0
5,LC_LI,78.0,164.0
5,LC_LI,63.0,145.0
5,LC_LI,78.0,178.0
5,LC_LI,73.0,154.0
5,LC_LI,63.0,130.0
5,LC_LI,78.0,169.0
5,LC_LI,68.0,120.0
5,LC_LI,73.0,178.0
5,LC_LI,73.0,169.0
5,LC_LI,78.0,120.0
5,LC_LI,63.0,116.0
5,LC_LI,73.0,115.0
5,LC_LI,68.0,179.0
5,LC_LI,78.0,169.0
5,LC_LI,63.0,135.0
5,LC_LI,78.0,198.0
5,LC_LI,72.0,159.0
5,LC_LI,78.0,121.0
5,LC_LI,78.0,160.0
5,LC_LI,78.0,184.0
5,LC_LI,58.0,168.0
5,LC_LI,78.0,169.0
5,LC_LI,63.0,135.0
5,LC_LI,77.0,184.0
5,LC_LI,78.0,169.0
5,LC_LI,73.0,115.0
5,LC_LI,68.0,179.0
5,LC_LI,63.0,189.0
5,LC_LI,78.0,198.0
5,LC_LI,78.0,110.0
5,LC_LI,63.0,139.0
5,LC_LI,72.0,159.0
5,LC_LI,73.0,125.0
5,LC_LI,78.0,107.0
5,LC_LI,78.0,169.0
5,LC_LI,78.0,164.0
5,LC_LI,58.0,139.0
5,LC_LI,78.0,131.0
5,LC_LI,73.0,130.0
5,LC_LI,78.0,179.0
5,LC_LI,78.0,158.0
5,LC_LI,78.0,111.0
5,LC_LI,73.0,178.0
5,LC_LI,73.0,135.0
5,LC_LI,78.0,83.0
5,LC_LI,58.0,169.0
5,LC_LI,78.0,194.0
5,LC_LI,82.0,130.0
5,LC_LI,73.0,199.0
5,LC_LI,73.0,219.0
5,LC_LI,78.0,149.0
5,LC_LI,78.0,158.0
5,LC_LI,78.0,169.0
5,LC_LI,73.0,198.0
5,LC_LI,63.0,115.0
5,LC_LI,68.0,179.0
5,LC_LI,63.0,144.0
5,LC_LI,78.0,170.0
5,LC_LI,68.0,170.0
5,LC_LI,73.0,145.0
5,LC_LI,63.0,135.0
5,LC_LI,78.0,164.0
5,LC_LI,78.0,199.0
5,LC_LI,82.0,130.0
5,LC_LI,78.0,120.0
5,LC_LI,78.0,111.0
5,LC_LI,73.0,169.0
5,LC_LI,78.0,158.0
5,LC_LI,67.0,163.0
5,LC_LI,63.0,174.0
5,LC_LI,73.0,115.0
5,LC_LI,78.0,169.0
5,LC_LI,78.0,194.0
5,LC_LI,78.0,131.0
5,LC_LI,78.0,158.0
5,LC_LI,63.0,213.0
5,LC_LI,78.0,203.0
5,LC_LI,73.0,227.0
5,LC_LI,63.0,145.0
5,LC_LI,78.0,159.0
5,LC_LI,78.0,155.0
5,LC_LI,78.0,107.0
5,LC_LI,78.0,148.0
5,LC_LI,78.0,111.0
5,LC_LI,78.0,169.0
5,LC_LI,78.0,126.0
5,LC_LI,78.0,214.0
5,LC_LI,78.0,135.0
5,LC_LI,58.0,144.0
5,LC_LI,63.0,169.0
5,LC_LI,63.0,119.0
5,LC_LI,78.0,169.0
5,LC_LI,78.0,135.0
5,LC_LI,78.0,140.0
5,LC_LI,73.0,106.0
5,LC_LI,78.0,193.0
5,LC_LI,78.0,198.0
5,LC_LI,63.0,116.0
5,LC_LI,78.0,135.0
5,LC_LI,78.0,164.0
5,LC_LI,78.0,145.0
5,LC_LI,78.0,169.0
5,LC_LI,78.0,83.0
5,LC_LI,78.0,173.0
5,LC_LI,78.0,164.0
5,LC_LI,78.0,121.0
5,LC_LI,78.0,164.0
5,LC_LI,73.0,183.0
5,LC_LI,78.0,198.0
5,LC_LI,73.0,125.0
5,LC_LI,58.0,173.0
5,LC_LI,63.0,139.0
5,LC_LI,78.0,178.0
5,LC_LI,63.0,154.0
5,LC_LI,78.0,169.0
5,LC_LI,78.0,169.0
5,LC_LI,78.0,214.0
5,LC_LI,58.0,154.0
5,LC_LI,78.0,174.0
5,LC_LI,63.0,116.0
5,LC_LI,63.0,149.0
5,LC_LI,73.0,169.0
5,LC_LI,78.0,155.0
5,LC_LI,78.0,169.0
5,LC_LI,63.0,145.0
5,LC_LI,48.0,119.0
5,LC_LI,78.0,185.0
5,LC_LI,78.0,179.0
5,LC_LI,63.0,119.0
5,LC_LI,73.0,180.0
5,LC_LI,63.0,116.0
5,LC_LI,78.0,129.0
5,LC_LI,78.0,178.0
5,LC_LI,63.0,140.0
5,LC_LI,73.0,125.0
5,LC_LI,78.0,188.0
5,LC_LI,78.0,140.0
5,LC_LI,63.0,129.0
5,LC_LI,63.0,130.0
5,LC_LI,78.0,125.0
5,LC_LI,73.0,199.0
5,LC_LI,78.0,174.0
5,LC_LI,78.0,158.0
5,LC_LI,78.0,193.0
5,LC_LI,78.0,204.0
5,LC_LI,73.0,219.0
5,LC_LI,78.0,169.0
5,LC_LI,78.0,145.0
5,LC_LI,68.0,125.0
5,LC_LI,63.0,130.0
5,LC_LI,73.0,219.0
5,LC_LI,73.0,145.0
5,LC_LI,78.0,194.0
5,LC_LI,63.0,116.0
5,LC_LI,73.0,169.0
5,LC_LI,78.0,101.0
5,LC_LI,78.0,170.0
5,LC_LI,68.0,184.0
5,LC_LI,73.0,178.0
5,LC_LI,63.0,174.0
5,LC_LI,78.0,158.0
5,LC_LI,78.0,140.0
5,LC_LI,63.0,155.0
5,LC_LI,78.0,185.0
5,LC_LI,78.0,164.0
5,LC_LI,68.0,120.0
5,LC_LI,63.0,178.0
5,LC_LI,73.0,178.0
5,LC_LI,78.0,155.0
5,LC_LI,78.0,115.0
5,LC_LI,73.0,154.0
5,LC_LI,78.0,120.0
5,LC_LI,78.0,169.0
5,LC_LI,78.0,164.0
5,LC_LI,58.0,144.0
5,LC_LI,67.0,163.0
5,LC_LI,78.0,111.0
5,LC_LI,78.0,144.0
5,LC_LI,73.0,145.0
5,LC_LI,63.0,116.0
5,LC_LI,78.0,154.0
5,LC_LI,78.0,159.0
